職缺,公司名稱,地址,薪資,連結,工作內容,工作經驗,科系要求,擅長工具,其他條件
PHP後端工程師(內湖),瀚宇彩晶股份有限公司,台北市內湖區,待遇面議,//www.104.com.tw/job/7n726?jobsource=hotjob_chr,"1.公司數位平台網站服務(官網/電商科技/行銷業務客服科技, 以及工廠/品質/運籌/供應鏈科技, HR科技)等Web後端開發。
2.電商網站開發。
3.正逆資訊流/金流/物流開發。
4.介接公司核心系統如ERP/PLM/PIM。",大學、碩士,資訊管理相關、資訊工程相關、工程學科類,CSS,"1. 具3年以上PHP開發經驗，並有使用過任一種PHP Framework(如：Laravel、CodeIgniter、Magento)。
2. 了解HTML、CSS等Web技術。
3. 有電子商務、RESTful API、金流介接等相關經驗者尤佳。
4. 會使用GIT版本控制。
5. 有參與佈署網站(AWS/GCP/Azure/等)的經驗者尤佳。
6. 面試時請演示網站作品。"
Senior Backend Development / 資深後端工程師,新加坡商耐思人工智能有限公司台灣分公司,台北市內湖區,待遇面議,//www.104.com.tw/job/7kmtt?jobsource=hotjob_chr,"【工作內容】
1.精進團隊開發流程、工具與架構技術
2.協助 PM 與客戶端溝通，了解需求後規劃並執行軟體架構與其模組之設計，且控管整體軟體交付進度
3.積極支援線上緊急問題處理
4.負責前後台網站的後端各類型服務建置與開發
5.具備團隊意識，能與團隊其它成員共同完成需求開發與解決線上問題
6.撰寫單元測試，整合測試程式碼，持續與團隊整合以交付高品質程式
7.參與架構設計與開發，支持系統持續演化改善以應對快速變動的需求

【技能需求】
1.精通 C#、ASP.Net MVC、T-SQL、Javascript
2.熟悉 .Net core 3.1 或 .Net 6
3.熟悉 MSTest / NUnit / xUNIT 任何一種單元測試框架
4.熟悉 Git 並能熟練運用於程式碼版本控管
5.會看執行計畫及擁有 Stored Procedure 效能調校經驗
6.曾使用 Jenkins 或 Gitlab CI 設計或實踐過 CI/CD 流程
7.瞭解或熟悉 Linux
8.Docker 經驗佳
9.有雲端經驗佳",專科、大學、碩士,資訊工程相關、資訊管理相關、應用數學相關,jQuery,"具備以下條件優先錄取：
熟悉 MySQL or MSSQL
- 熟悉 AWS ( or GCP/  Azure) 或具備 AWS認證證照
- 曾有 Pair programming 經驗
- 熟悉 Linux
- 熟悉 Redis / Mongo DB"
軟體工程師(Mobile Apps)_汐止U-TOWN,GARMIN_台灣國際航電股份有限公司,新北市汐止區,待遇面議,//www.104.com.tw/job/6rqol?jobsource=hotjob_chr,"【部門說明】
Garmin 近年來致力於穿戴式裝置與運動、戶外市場的發展，我們的團隊主要負責穿戴式及手持裝置的 App、網站，以及後端伺服器的開發及維運，包括 Garmin Connect™ App 、 Garmin Golf™ 、 Garmin Explore™ App 等手機 App 開發 (https://buy.garmin.com/en-US/US/cOnTheGo-cApps-p1.html)。
與全球接軌，我們的使用者遍及世界超過三十國，在美國、歐洲以及台灣都有開發團隊。工作內容包括與歐美團隊協同開發新功能，並與亞洲營運團隊合作針對亞洲市場進行開發及在地化。 台灣團隊人數超過四十人，包含伺服器後端程式開發／維運以及手機端的 iOS 與 Android App 開發，支援上百種 Garmin 裝置並服務上千萬的活躍使用者。

【工作內容/角色】
1. 設計及實作 Garmin 官方 Apps (Android 或 iOS) 的功能。並釐清與修正問題，以維護 App 的品質。
2. 與全球的工程師、UX 設計師及 PM 合作及討論。
3. 審查程式碼 (code review)，重構系統以改進設計、可讀性、可用性，以及效率。

【具備條件】
1. 資訊相關碩士畢業。
2. 熟悉程式設計 (不限語言，Swift 或 Kotlin 尤佳)、演算法、資料結構與設計模式 (Design Patterns)。
3. 有獨立解決問題的能力、能批判性思考、有良好的除錯與分析技能。
4. 有中大型應用產品的開發與設計經驗 (Android 與 iOS App 尤佳)。
5. 具備英文溝通 (TOEIC 700+) 與團隊合作能力。

【加分條件】
1. 熟悉 iOS 或 Android 開發與相關工具。
2. 熟悉 Asynchronous Programming，如 Coroutines、RxJava、RxSwift等。
3. 熟悉 Bluetooth/BLE 相關的協定。
4. 展示你/妳的 Mobile Apps。
",碩士,資訊工程相關、資訊管理相關,Kotlin,"***如欲應徵請投遞履歷至 Garmin官網https://www.garmin.com.tw/careers/jobs/，將優先審閱面試資格***

(投履歷時請一併檢附大學,研究所成績單,論文,作品集等資訊, 以利瞭解您的專業能力,謝謝)"
網站後端工程師 Back-End Developer,藍星球資訊股份有限公司,台北市中山區,待遇面議,//www.104.com.tw/job/729sz?jobsource=hotjob_chr,"工作內容
1. 程式開發部分：與專案經理、設計師、前端工程師合作開發網站後端程式、資料庫系統相關程式
2. 系統維護部分：通常以遠端處理(95%)，惟因客戶網路及機房限制，無法遠端處理時需至客戶端進行Debug and Bug Fix(5%)

條件要求
1. 具有PHP或其他網站後端程式語言開發經驗。
2. 熟悉關聯式資料庫 eg: PostgreSQL, MySQL or NoSQL資料庫 eg: MongoDB、Redis。
3. 熟悉軟體版本控制 Git 以及相關管理平台使用經驗 eg: GitLab、GitHub。
4. 工作積極主動，擁有獨立思考和良好的溝通和邏輯能力，同時喜歡與團隊溝通思辨、合作解決問題並達成目標。

加分
1. 曾撰寫過其他程式語言如Python、Javascript等
2. 熟悉Linux系統指令
3. 具有Docker相關經驗
4. 了解Web框架如 Slim、Laravel
5. 了解Elasticsearch 和 Kibana應用
6. 了解前端如Vue/Element UI等
7. 了解Git flow/Github flow/Gitlab flow其一",專科、大學、碩士,不拘,Git,"***如欲應徵請投遞履歷至 Garmin官網https://www.garmin.com.tw/careers/jobs/，將優先審閱面試資格***

(投履歷時請一併檢附大學,研究所成績單,論文,作品集等資訊, 以利瞭解您的專業能力,謝謝)"
IC設計類:SoC Technical Lead (歡迎前後端設計者投遞，工作地點:竹北或台北),"Synopsys Taiwan Co., Ltd._台灣新思科技股份有限公司",新竹市,待遇面議,//www.104.com.tw/job/7miu1?jobsource=hotjob_chr,"As a SOC Engineering Leader , you will be responsible for assisting our customers successfully tape out from RTL to GDS by using Synopsys EDA tools. Your main focus will be in the areas of SOC system solutions like SOC design planning, DFT, MBIST, floorplanning, place and route, parasitic extraction, signal integrity analysis and prevention, IR drop/EM analysis and physical verification (DRC/LVS). A secondary focus will be in static timing analysis and formal verification. You will be working as a leader and member of the customer's IC design team, leveraging their experience and Synopsys' best practices to have immediate impact on their current project while transferring valuable knowledge for future projects.

Interacts regularly with customers to identify and eliminate barriers to project success. Plans and manages delivery of own project-related tasks. Leverages entire Synopsys team to ensure project success. Provides feedback to R&D/AE and SOC members on suggested issue solutions or tool enhancements. Works with or as Project Leader to develop technical proposals, working through project life cycle and produces consistently high quality technical solutions.

Typically requires BSEE or higher with 10+ years in physical design and front_end design role.
Familiar with Floorplan, Place and route, DRC/LVS, IR drop, EM and Signal Integrity etc.
Familiar with STA, DFT, MBIST, Formal Verification and Synthesis is required.
Demonstrate physical design implementation experience as an individual contributor or leading experience of bigger scale design.
Demonstrate solid verbal and written English communication skills, and customer interfacing skills.
Demonstrate the ability to work in a stressful environment with a broad array of individuals in a cross-functional team.
Is able to work on-site at customer premises, travel up to 30%, and put in long hours when required to meet customer deadline on specialized technical or business issues.
Our Silicon Design & Verification business is all about building high-performance and high-quality silicon chips—faster. We're the world's leading provider of solutions for designing and verifying advanced silicon chips. And we design the next-generation processes and models needed to manufacture those chips. We enable our customers to optimize chips for power, cost, and performance—eliminating months off their project schedules.
",大學以上,電機電子工程相關、數學及電算機科學學科類,Git,"***如欲應徵請投遞履歷至 Garmin官網https://www.garmin.com.tw/careers/jobs/，將優先審閱面試資格***

(投履歷時請一併檢附大學,研究所成績單,論文,作品集等資訊, 以利瞭解您的專業能力,謝謝)"
【採線上面談】Product Assistant ( 台中市政府旁 ),新加坡商鈦坦科技股份有限公司台灣分公司,台中市西屯區,待遇面議,//www.104.com.tw/job/6tn9t?jobsource=hotjob_chr,"你的工作是在寫【程式】還是完成【產品】? 
把功能完成只能叫做【程式】!
完成【程式】之外, 並考慮效能, 安全, 使用性, 維護成本, 花費的資源與時間等因素影響, 在折衷, 權衡之下達到客戶滿意的產出, 才是達到我們對【產品】的要求!
我們專門為國外客戶開發及維護跨國大型網站。
謝絕眼高手低的高材生, 歡迎有【熱忱】, 【追求極致】, 【樂於團隊合作】的夥伴一同打造一流的產品!

1.     了解網⾴後端相關技術之研究與具備基本除錯能⼒
2.     執⾏功能測試、驗證軟體功能與Bug追蹤
3.     需與產品負責人、軟體供應商及軟體工程師有效溝通與合作
4.     了解產品商業邏輯，產出測試報告、分析並提出優化建議
",不拘,不拘,PHP,"1. 有軟體產品相關測試經驗尤佳
2. 有基本程式語言能力，C# .Net, PHP 尤佳
3. 對物件導向程式設計有基本的認識
4. 具備細膩的心思，良好的溝通能力與執行力
"
Web前端工程師(內湖),瀚宇彩晶股份有限公司,台北市內湖區,待遇面議,//www.104.com.tw/job/7n72r?jobsource=hotjob_chr,"1.公司數位平台網站服務(官網/電商科技/行銷業務客服科技, 以及工廠/品質/運籌/供應鏈科技, HR科技)等Web前端開發。
2.電商網站前端開發。
3.內部數位平台前端開發。",大學、碩士,資訊管理相關、資訊工程相關、工程學科類,CSS,"1. 具3年以上Web前端開發經驗。
2. 熟HTML5，CSS3，jQuery，JAVASCRIPT、div+css，熟練完成頁面架構和布局。
3. 具備Bootstrap響應式設計經驗，熟悉跨平台的工具及經驗。
4. 與UI/UX Designers、後端工程師協作，開發網頁前端互動式頁面。
5. 面試時請演示作品。"
初中階-JAVA 後端軟體工程師,聯訊網路有限公司,台中市西區,"月薪50,000元以上",//www.104.com.tw/job/7iy9s?jobsource=hotjob_chr,"1、參與系統的詳細功能設計,撰寫相關技術文檔
2、編寫軟體代碼、完成單元測試、協助測試
3、開發完成的程式完整滿足需求
4、負責解決開發過程中的技術問題
5、系統開發測試、部署和集成
6、完成部門交給的其他任務
7、對自我有要求，不任意擺爛，有良好的操守品行
8、上班時間彈性，工資可談
**初階、對後端有興趣者也歡迎投遞**
**公司也有提供前端職缺**
薪資級距：初階3萬8以上，中階5萬以上，依照能力技術調整，可談",大學、碩士,資訊管理相關、資訊工程相關、工程學科類,Oracle,"1、java基礎知識功底
     熟悉Spring Boot、Mybatis等框架的實現原理和相關應用場景者佳。
     熟悉多線程和線程池的相關實現原理。
2、熟悉消息中間件框架和分散式緩存框架:rocketmq、kafka和redis。
3、熟悉ElasticSearch及ELK在大數據系統中的應用。
4、有資料庫使用經驗者佳,Oracle，MySQL的使用,熟練操作Unix/Linux操作系統。
5、熟悉java、 web端相關技能:JSP, html、css/div、ajax、js和相關Jqeury的框架, React框架優先。
7、有較強的溝通協調能力和團隊精神、承壓能力和學習能力、良好的服務意識。
8、初階可，有基本java功底、對後端工作有興趣者歡迎加入。"
資訊助理工程師,博格科技股份有限公司,台北市大安區,"月薪32,000~35,000元",//www.104.com.tw/job/7hpcq?jobsource=hotjob_chr,"擔任工程師與客戶間的橋樑，提供技術方面與產品導入客戶端的支援，確保產品能依需求及進度完成與產品測試。

本公司為台灣商業流程軟體領導品牌，擁有上百家成功案例，服務客戶為80%以上之上市櫃公司。因應應用市場的成長，擴大招募銷售服務的團隊，希望有興趣在企業軟體產業發展的伙伴加入。
1.熟悉公司作業流程、產品或業務上所需之相關工程知識
2.回覆顧客應用技術的問題、回饋給相關單位，並提供產品技術諮詢
3.撰寫並提供客戶正確的產品規格與應用資訊，以供客戶參考
4.追蹤公司產品客戶端的進度，包括安裝出貨、教育訓練、上線等各階段客戶端的問題點，並加以收集、處理
5.提供客戶測試工具，分析並解決開發時發生的問題
6.負責技術支援文件的更新維護
7.資訊相關科系畢業
8.在主管帶領下進行學習
(1).前端網頁以Html、 JavaScript、JQuery應用為主。
(2).後端網頁以MVC、 .Net c#、SQL Server應用為主 。",大學,資訊工程相關、資訊管理相關,CSS,"1、java基礎知識功底
     熟悉Spring Boot、Mybatis等框架的實現原理和相關應用場景者佳。
     熟悉多線程和線程池的相關實現原理。
2、熟悉消息中間件框架和分散式緩存框架:rocketmq、kafka和redis。
3、熟悉ElasticSearch及ELK在大數據系統中的應用。
4、有資料庫使用經驗者佳,Oracle，MySQL的使用,熟練操作Unix/Linux操作系統。
5、熟悉java、 web端相關技能:JSP, html、css/div、ajax、js和相關Jqeury的框架, React框架優先。
7、有較強的溝通協調能力和團隊精神、承壓能力和學習能力、良好的服務意識。
8、初階可，有基本java功底、對後端工作有興趣者歡迎加入。"
後端工程師 (JAVA),暘昇資訊有限公司,台北市松山區,待遇面議,//www.104.com.tw/job/7cwgt?jobsource=jolist_b_relevance,"1. Web application 需求後端開發
2. 產品維護與需求開發
3. 針對需求可提出解決方案與技術可行性評估
4. 開發流程文件撰寫
5. 日常運作支持",專科以上,不拘,Java," * 具有JAVA後端開發經驗2年以上
* 熟悉標準 SQL 語法並具備資料庫設計能力
* 具備團隊合作精神、責任感強、溝通能力良好
* 熟悉Linux/Unix環境，包括shell script
* 具豐富物件導向設計與實作經驗和技術
* 對專案開發目標進行技術選型和決策，給出具體技術方案
* 熟悉 Git 版本控管 "
C#.Net 後端工程師,凡易股份有限公司,台北市大同區,"年薪630,000~1,100,000元",//www.104.com.tw/job/7e00i?jobsource=jolist_b_relevance,"我們的研發團隊專注於熟齡照護資訊系統開發，以醫療為養護基礎的智慧應用科技技術，結合專業照護經驗，協助照護人員管理與掌握個案健康狀況，整合長輩生理需求與心理感受，提升生理舒適度，進而提升照護品質；該系統同時串接個案家屬與第一線照護人員，能在確保公司內部的照護流程與品質的同時，提供個案家屬與照護人員之間即時的溝通渠道。

我們的系統以醫療資訊表單系統為主體，利用現代化技術，諸如AI、爬蟲、串流....等等，實現有別以往刻板印象的功能，並將朝向全面利用人工智慧帶領照護人員執行照護任務、開發智慧醫療輔具之方向，希望您能跟著公司一起成長。

必要項目：
1.	熟悉 C# 與 ASP.NET Core 5或 ASP.Net MVC開發經驗。
2.	具 Gitlab Flow 開發經驗。
3.	具使⽤Entity Framework、LINQ經驗。
4.	具開發 RESTful API 或是 GraphQL 經驗並能分析其優缺點。
5.	具開發前後端分離式的網站系統經驗。
6.	善於溝通與樂於團隊合作。

加分項⽬:
1.	理解 OOP, SOLID, DDD 等設計模式與準則並熟練使⽤。
2.	具單元測試概念與能有效運⽤提升 API 品質。
3.	熟悉 Docker 等容器服務。
4.	具 CI/CD 架設能⼒。
5.	能將 RDBMS 與 NoSQL 使⽤在適合的場景並優化其效能。
6.	善⽤ redis, kafka 以進⾏後端服務快取。
7.      具ReactJS、 Firebase、SignalR、爬蟲開發經驗。

※ 團隊文化為自由，追求貼近技術趨勢，團隊間積極的討論並一起努力如期交付進度。",大學以上,不拘,C#,"1. 理解 OOP, SOLID, DDD 等設計模式與準則並熟練使⽤。
2. 具單元測試概念與能有效運⽤提升 API 品質。
3. 熟悉 Docker 等容器服務。
4. 具 CI/CD 架設能⼒。
5. 能將 RDBMS 與 NoSQL 使⽤在適合的場景並優化其效能。
6. 善⽤ redis, kafka 以進⾏後端服務快取。"
後端工程師 Backend Engineer,創星物聯科技股份有限公司,台北市內湖區,"年薪600,000~950,000元",//www.104.com.tw/job/77w2o?jobsource=jolist_b_relevance,"在創星，您會與一群熟悉車聯網產業鍊的專家們一起共識，打造引以為傲的車隊管理平台。提供視覺化操作介面、商業數據分析圖表、即時顯示車輛位置，搭配創星獨家開發的車用設備，掌握即時車況，共同創造新一代車聯網生態系。 

【工作內容】
1. 與車隊管理平台前端協作，提供對應服務串接
2. 與產品經理進行協作，開發 RESTFul API 服務提供前端
3. 配合團隊開發流程進行版控，使用 git
4. 與產品企劃進行需求釐清，打造高效能應用
5. 協助公司內部專案程式碼進行了解或維護

【職能要求】
1. 具備 Python 開發經驗 
2. 具備 FAST API / Flask / Django framework 開發經驗
3. 具備 RESTFul API 服務開發經驗
4. 暸解 MongoDB / PostgreSQL（Database）CRUD 操作
5. 熟悉 Git 版本控制

【加分項目】
1. 瞭解 Container 及 K8S 相關部署工具
2. 具備 Airflow 流程客製化開發經驗
3. 暸解 Git flow 與 GitHub flow，並且了解如何透過 Merge Request 進行協作
4. 對於大數據 Render / Rerender 問題解法有高度興趣者

【團隊現況成員】

● 產品經理
● 產品企劃
● 後端工程師 
● App 工程師
● 數據工程師 
● 測試工程師

加入後您會 
與產品企劃溝通，打造更好的使用者體驗。 
與後端工程師溝通，勾勒出完美的串接架構。 
與測試工程師確認，將問題釐清並優化。 ",專科以上,不拘,Django,"- 請提供可供瀏覽作品，或是 git repo 皆可
- Python 開發後端系統 1年以上經驗
- MVC Framework 開發 1年以上經驗
- 熟悉 RMDB 任一，PostgreSQL、MySQL、MS SQL
- 專案或產品開發 2年以上開發經驗尤佳
"
Backend Software Engineer 後端軟件工程師,盈安環球有限公司,台北市中正區,待遇面議,//www.104.com.tw/job/76jy0?jobsource=jolist_b_relevance,"•Develop features and enhancements to Sanuker Chatbot products in a secure, effective, well-tested way 
•Implement and improve the Continuous Integration and Continuous Deployment functionality in Sanuker Chatbot
•Automate cloud deployment strategies for Sanuker Chatbot SaaS products 
•Assist in project implementation and solve technical problems of moderate scope and complexity 
•Collaborate with Developers, Project Managers and other team members in the product life cycle to ensure 
product delivery 
•Identify opportunities that help improve efficiency of project processes Skills & Requirements 
•High Diploma / Degree holder in Computer Science or related disciplines 
•Experience with Node.js, and container technologies such as Docker and Kubernetes is a must 
•Experience with other backend languages such as Go or Python is preferred 
•Experience with Mongo, Redis or any document database is preferred 
•Good command of written and spoken Chinese and English and demonstrate effective communication skills 
•Independent worker as well as a team player 
•Positive and solution-oriented mindset 
•Experience with performance and optimization problems and a demonstrated ability to both diagnose and 
prevent these problems 
•Willing to learn new technologies and self-motivated 

•以安全，有效，經過測試的方式開發 Sanuker 聊天機器人產品的功能和增強功能 
•在 Sanuker 聊天機器人中實施和改進持續集成和持續部署功能 
•自動化 Sanuker 聊天機器人SaaS 產品的雲部署策略 
•協助項目實施並解決中等規模和復雜性的技術問題 
•在產品生命週期中與開發人員，項目經理和其他團隊成員合作，以確保產品交付 
•確定有助於提高項目流程效率的機會技能與要求 
•計算機科學或相關學科的高級文憑/學位持有人 
•必須具有 Node.js 和 Docker 和 Kubernetes 等容器技術的經驗 
•具有其他後端語言(例如 Go 或 Python)經驗者優先 
•具有 Mongo，Redis 或任何文檔數據庫的經驗者優先 
•良好的中英文聽說讀寫能力，並具有良好的溝通能力。 
•獨立工作者和團隊合作者
•積極向上和以解決方案為導向的心態
•具有性能和優化問題的經驗，並具有診斷和預防這些問題的能力 • 願意學習新技術並且有上進心",專科、大學、碩士,數學及電算機科學學科類,Django,"- 請提供可供瀏覽作品，或是 git repo 皆可
- Python 開發後端系統 1年以上經驗
- MVC Framework 開發 1年以上經驗
- 熟悉 RMDB 任一，PostgreSQL、MySQL、MS SQL
- 專案或產品開發 2年以上開發經驗尤佳
"
後端工程師,領導力科技股份有限公司,高雄市前鎮區,待遇面議,//www.104.com.tw/job/6n2ox?jobsource=jolist_b_relevance,"◆工作內容
• 負責後端WebAPI商業邏輯開發。
• .Net Framework 4.0 以上開發經驗(.net core 3.0 以上尤佳) 、熟悉資料交換格式(Json、XML等)。
• 具 Git 版本控管使用經驗。
• 基本系統分析、設計以及資料庫設計、程式撰寫、測試的能力。
• 對技術有熱情，樂於共同學習、重視溝通、主動積極、有負責感、配合度高、重視團隊合作。

◆加分條件
• 具Cloud-Native應用系統開發經驗者尤佳。
• RWD (Responsive-Web-Design)、Bootstrap 、及任一前端框架（Angular, React.js, Vue.js)。


******若有作品請於面試時提供或展示*****",專科以上,不拘,Django,"- 請提供可供瀏覽作品，或是 git repo 皆可
- Python 開發後端系統 1年以上經驗
- MVC Framework 開發 1年以上經驗
- 熟悉 RMDB 任一，PostgreSQL、MySQL、MS SQL
- 專案或產品開發 2年以上開發經驗尤佳
"
Backend後端工程師,奧創資訊股份有限公司,新北市板橋區,"月薪38,000~55,000元",//www.104.com.tw/job/7mr8b?jobsource=jolist_b_relevance,"1.負責後端系統分析、設計以及程式撰寫與優化。
2.熟悉RESTful API概念與實務經驗。
3.具備RDBMS及NoSQL基礎觀念與開發經驗。
4.具備Docker容器技術基本觀念與使用經驗。
5.熟悉第三方服務(Facebook、FireBase..等等)使用。
6.參與業務需求討論，配合團隊協同工作完成相關任務目標。
7.樂於與他人協作和溝通分享經驗。
8.其它主管交辦事項。
",大學以上,不拘,Django,"1.熟悉以下任一後端程式語言，如Node.js、Java。
2.積極有熱忱、獨立思考。
3.版本控制(GIT)使用經驗、CI/CD使用經驗、熟悉GCP或任一雲服務。"
後端工程師,凱納股份有限公司,台中市南屯區,待遇面議,//www.104.com.tw/job/7lof9?jobsource=jolist_b_relevance,"【工作職責】
1.	雲端 API 設計與開發 (包括對外 open API, 內部 core platform API, 應用程式 web API)
2.	雲端資料處理與應用 (RDBMS & Time series data)


【工作技能】
1.    	1年以上後端 API 與應用程式開發經驗 (各種語言經驗皆可，目前公司使用Python)
2.	熟悉標準 API 規格設計規範與制定 (RESTful or GraphQL)
3.	RDBMS設計與實務經驗 (目前公司使用 Postgresql )


",大學以上,不拘,AWS,"加分項目：
1.	NoSQL 任何 “production” 使用經驗 (Key/value, document based, Graph, Time series 都可)
2.	Python FastAPI framework.
3.	掌握您熟悉語言的development stack (convention & practice, framework, project build/package dependency)
3.	熟悉 CI/CD 等 devops運作
4.	熟悉軟體開發生命週期與環境 (git, pull request, dev, beta, prod)
5.	Unit test 撰寫與 Integration test 相關經驗
6.	敏捷開發方式 (尤以Scrum)
7.	OOP & design pattern.
8.	熟悉AWS 與 serverless架構.
9.     技術規格設計與文件(英文)撰寫能力 (class, sequence, activity, flow chart diagram)



"
後端工程師,財團法人台灣地理資訊中心,台北市中正區,待遇面議,//www.104.com.tw/job/778ew?jobsource=jolist_b_relevance,"1.專案網站平台設計與開發
2.系統性能優化，並修正系統資訊安全弱點問題
3.撰寫開發維護手冊或相關技術文件
4.主管安排的其它工作事項
",大學以上,不拘,AWS," 1.熟悉任何一個 server-side framework (Lavarel/ Spring/ Gin/MVC5 ...etc)
2.熟悉至少一個的後端語言(PHP, Java(Kotlin), Golang, C#...etc)
3.熟悉RESTful觀念，並且設計合理API
4.熟悉至少一種Database的原理
5.熟悉Git、SVN版本控制
6.具有獨立作業能力，也樂於團隊合作，善於溝通不吝與人分享
加分條件(非必要)
1.熟悉雲端操作AWS/ GCP
2.Docker 架構設計經驗。
3.具有基礎英文閱讀能力，能解讀Stack Overflow問答網站內容。

 "
後端工程師 Backend Engineer,數字自由有限公司,台北市內湖區,"月薪35,000~130,000元",//www.104.com.tw/job/7lez5?jobsource=jolist_b_relevance,"工作內容
1.	共同開發及維護微服務
2.	專案 CI/CD 腳本撰寫、維護
3.	針對不同 Package 撰寫單元測試
4.	協同架構師設計及優化後端服務
職位要求
1.	三年以上程式設計開發經驗，有 Golang、Node.js 經驗佳，或者願意學習
2.	熟悉基礎 Linux 操作
3.	熟悉基礎網路概念，如：TCP/IP、HTTP、Webosket 等
4.	熟悉 Git、Docker 等工具
",大學以上,不拘,TCP/IP,"加分條件
1.	熟悉 Lua，有 Openrestry、Redis 專案經驗
2.	熟悉 Message Queue 等流式處理專案經驗
3.	熟悉 AWS 雲端服務"
PHP後端工程師,台盈資訊科技有限公司,台北市松山區,待遇面議,//www.104.com.tw/job/6lgdn?jobsource=jolist_b_relevance,"1. 與設計人員、後端工程師協同作業，完成網站開發。
2. 連接現有系統，進行介面的製作與調整。
3. 不同裝置、設備的相容性測試。
4. 處理客戶網站及其主機(wamp)問題排解。",不拘,不拘,HTML,"要求具備在非使用框架下， PHP、MySQL、HTML的開發經驗 (三者皆具備)。
若有以下經驗者佳: 
1.線上交易系統 
2.大量數據交換 
3.使用 redis 的經驗"
Backend Developer 後端工程師,阿福股份有限公司,台北市信義區,"年薪1,000,000~1,400,000元",//www.104.com.tw/job/61rs2?jobsource=jolist_b_relevance,"▍關於 AlfredCamera

AlfredCamera (阿福管家) 是北美最受歡迎的居家安全監控軟體，將閒置的舊手機轉變為居家安全監視器。阿福管家的願景是提供容易取得的居家安全服務，並且也成為最受好評的品牌之一。我們的目標是提供一流的用戶體驗，還有最佳的性能與高度穩定性。AlfredCamera 為全球的用戶提供服務，後端團隊的任務是：面對用戶增長、新功能開發的同時，如何維護基礎設施，並且維持高度可用性與可擴展性，成為我們每天面臨的挑戰。

▍角色定位

我們正在尋找有熱忱的後端工程師，你將持續探索新技術，在敏捷開發的環境中開發產品，並且進行專案的技術評估，與團隊一同建立運營的 AlfredCamera 後端服務平台。

歡迎投遞履歷，我們期待能更進一步認識你！

▍職務範圍

• 和團隊一起設計、打造和運營 AlfredCamera 的後端服務平台
• 產出具有品質的程式碼和技術文件
• 調查並解決發現的穩定性和系統效能等問題
• 和其他團隊合作，完成共同的專案目標
• 持續探索新技術並勇於接受挑戰",不拘,不拘,JavaScript,"▍必須條件

• 大學相關科系畢業或是具有兩年以上後端相關開發經驗
• 具備 JavaScript/TypeScript 開發和除錯能力
• 具有良好的的溝通能力
• 熟悉 Linux 作業系統並具有 Shell script 撰寫能力

▍加分項目

• 熟悉 AWS/GCP 等雲端服務操作且有實務經驗者
"
後端工程師 Backend Engineer,簡單平台股份有限公司,台北市南港區,"年薪600,000~1,200,000元",//www.104.com.tw/job/7frc7?jobsource=jolist_b_relevance,"【工作內容】
ShowEasy 是一家預計在 2022 年初上線的會展線上平台的新創公司，希望透過整合會展資源打造嶄新的會展生態圈為目標，為參展商創造最優質的會展旅程。
你的加入將負責 ShowEasy 平台的後端研發工作，包含構建 API 與第三方服務串接。

【條件要求】
- 熟悉任一 Python 後端框架如 Django。 
- 熟悉關連式資料庫如 MySQL。
- 構建 REST API 的實務經驗。
- 熟悉 Git 版本控制。

【加分條件】
- 熟悉緩存技術如 Redis、搜尋引擎如 ElasticSearch 等。
- 使用 AWS 構建可擴展服務的經驗。",大學以上,不拘,MySQL,"▍必須條件

• 大學相關科系畢業或是具有兩年以上後端相關開發經驗
• 具備 JavaScript/TypeScript 開發和除錯能力
• 具有良好的的溝通能力
• 熟悉 Linux 作業系統並具有 Shell script 撰寫能力

▍加分項目

• 熟悉 AWS/GCP 等雲端服務操作且有實務經驗者
"
後端工程師,方舟智慧股份有限公司,台北市大安區,待遇面議,//www.104.com.tw/job/72k48?jobsource=jolist_b_relevance,"1. 任一後端相關框架開發經驗(Java, Rails, PHP, Node.js...etc.任一即可)，需具有前端相關經驗或有與前端合作之經驗
2. 熟悉網站功能、具備功能架構分析、時程規劃與開發文件撰寫能力（Flowchart、Wireframe、功能規格書...等）
3. 關聯式資料庫與 SQL 方面的專業知識
4. 具有快速製作出 web based 的 demo 產品之能力
5. 工作配合度及抗壓性高，細心負責可合作專案任務內容
6. 獨立思考並有設計想法，配合執行專案設計需求

===============================================
加分項目：
1. 有電商專案開發經驗尤佳
2. 具有網站建置、上線經驗，或是網站移轉經驗
3. 熟悉Google Analytics、GTM等分析工具
",專科、大學、碩士,不拘,MySQL,"▍必須條件

• 大學相關科系畢業或是具有兩年以上後端相關開發經驗
• 具備 JavaScript/TypeScript 開發和除錯能力
• 具有良好的的溝通能力
• 熟悉 Linux 作業系統並具有 Shell script 撰寫能力

▍加分項目

• 熟悉 AWS/GCP 等雲端服務操作且有實務經驗者
"
後端應用工程師,東頂科技股份有限公司,桃園市楊梅區,待遇面議,//www.104.com.tw/job/7ahw5?jobsource=jolist_b_relevance,"1. Linux(Cent OS/Ubuntu) 環境操作
2. 開發可供第三方使用的 Web API(RESTful)、Web Service、WebSocket 服務
3. 資料庫設計、管理及維護
4. 伺服器開發環境建置、維護
5. 熟悉後端系統開發
6. 熟悉 HTML5、CSS3、JavaScript(ES6)等應用
7. 系統文件撰寫(系統設計文件、操作手冊)
8. 處理主管交辦事項

加分項目:
熟悉雲端服務平台或PaaS/IaaS/SaaS系統，如Azure、AWS、GCP, 阿里雲等
熟悉前端任一框架，如Vue或 bootstrap等
具備資安相關經驗
維護及最佳化伺服器架構的高可用性、高擴展性及安全性的經驗


【需要條件】：
一、自我學習能力與對新技術的求知慾
二、良好的邏輯思維及溝通習慣
三、熱愛coding，有良好的團隊合作學習意識，積極向上、樂於分享、勇於挑戰
四、能配合公司規定，有強烈企圖心及責任感、抗壓性高，具良好溝通表達能力，解決問題的熱情與獨立思考能力


工作福利：進修補助、尾牙或春酒、員工聚餐、年終獎金
公司簡介上還有許多福利喔! ",專科以上,資訊管理相關、數學及電算機科學學科類,Node.js,"▍必須條件

• 大學相關科系畢業或是具有兩年以上後端相關開發經驗
• 具備 JavaScript/TypeScript 開發和除錯能力
• 具有良好的的溝通能力
• 熟悉 Linux 作業系統並具有 Shell script 撰寫能力

▍加分項目

• 熟悉 AWS/GCP 等雲端服務操作且有實務經驗者
"
後端工程師,匯康資訊科技有限公司,高雄市苓雅區,"月薪30,000~50,000元",//www.104.com.tw/job/6ss9t?jobsource=jolist_b_relevance,"1. 負責各項資訊專案或需求功能開發，包括系統設計、程式開發等 
2. 負責系統後端API程式開發， 進行系統單元測試、功能測試 
3. 網站應用程式開發 
4. 伺服器管理、維護 
5. 系統相關文件撰寫及主管交辦事項
6.APP後端程式
",大學以上,資訊工程相關、資訊管理相關、電機電子工程相關,Visio,"基本條件: 
1. 熟悉Java程式開發 
 樂於溝通分享並重視團隊合作，能主動發現問題並尋求最佳解決方案 
 熟悉後端相關開發框架
"
後端系統開發工程師,馬來西亞商韋博科技有限公司台灣分公司,新北市板橋區,待遇面議,//www.104.com.tw/job/6yj75?jobsource=jolist_b_relevance,"新創公司積極尋找資訊相關人才，我們擁有熱情活潑的團隊、良好的升遷空間與舒適的工作環境。歡迎想要挑戰的你／妳加入我們，一起創造佳績！

1. 根據企劃文件，開發遊戲相關需求
2. 與企劃、美術協調開發過程中的問題
3. 與前端工程師配合，完成遊戲前後端串接
4. 配合團隊開發流程，進行 Code review 維持程式碼品質

【能力要求】
・資訊工程 / 資訊管理等相關科系畢業
・熟悉一種後端開發程式語言 (GoLang佳)
・熟悉關聯式資料庫（RDBMS）的使用 (e.g. Postgres, MySQL)
・熟悉資料結構、演算法與物件導向概念
・熟悉 RESTful API
・熟悉 Git 版本控管軟體操作",大學以上,資訊工程相關、資訊管理相關、電機電子工程相關,Visio,"【特質要求】
・具備良好溝通能力
・有獨立思考的能力
・願意接受他人指教
・勇於接受挑戰
・樂於學習新事物

【加分項目】
・熟悉 Amazon Web Service
・熟悉 Redis, MongoDB, Elasticsearch
・有完整的後端伺服器開發經驗
・有前端開發經驗 (e.g. VueJS, ReactJS, CSS, HTML5)
・有撰寫 Unit test, 壓力測試等經驗
・有 CI/CD 部署經驗
・理解 Design Pattern"
後端軟體工程師,恒吉佳國際有限公司,台北市大安區,待遇面議,//www.104.com.tw/job/7lgqv?jobsource=jolist_b_relevance,"公司簡介

我們公司是一個專業數位資訊平台。
目前正在尋找後端工程師，來一起建立正在快速增長的新經濟產業平台。 

職責範圍 

利用廣泛的尖端技術打造出色的產品，控制軟體開發進度，確保軟體品質。 
協助技術總監處理軟件開發的各方面，包括設計，研發，測試和維護。 
與跨職能團隊合作，定義和設計新的平台/系統功能。 
策劃創新的產品策略。 

希望您擁有的能力

1. 使用PHP，MySQL，HTML，CSS，JavaScript，MySql 構建和維護基於Web的應用程序
2. 熟悉 Git 及 linux 基本操作

如果您有下列經驗，更歡迎您在面試時與我們聊聊

1. 使用過 Laravel 或 CakePHP framework，了解 MVC 架構
2. 介接過第三方服務經驗 (eg: Facebook, Google, Stripe... )
3. API Server 開發與維護的經驗
4. SQL優化 與 RDBMS 校調
5. AWS 使用、管理、或架構經驗
6. queue/worker、cache、no-sql solution 等後端架構
7. 有 CI/CD 相關經驗

",大學,不拘,CSS,"【特質要求】
・具備良好溝通能力
・有獨立思考的能力
・願意接受他人指教
・勇於接受挑戰
・樂於學習新事物

【加分項目】
・熟悉 Amazon Web Service
・熟悉 Redis, MongoDB, Elasticsearch
・有完整的後端伺服器開發經驗
・有前端開發經驗 (e.g. VueJS, ReactJS, CSS, HTML5)
・有撰寫 Unit test, 壓力測試等經驗
・有 CI/CD 部署經驗
・理解 Design Pattern"
後端工程師,興創知能股份有限公司,台北市中正區,"月薪48,000~80,000元",//www.104.com.tw/job/7nion?jobsource=jolist_b_relevance,"【工作內容】:
1. 資料庫設計與管理
2. Web Api撰寫
3. Web服務佈署與維護
4. GIS相關資料前處理與分析、爬蟲程式撰寫與維護
5. 系統架構規劃與分析(如DBeaver自動產生E-Rmodel等)

【必備條件】:
1. 熟悉Python程式開發(Sanic/Flask/Django為佳)，或熟悉其它後端語言亦歡迎。
2. 熟悉後端Restful API架構及Swagger或ReDoc整理說明/測試文件。
3. 熟悉任一主流關聯式資料庫(PostgreSQL為佳)或時序資料庫管理(Influx或Grafana視覺化為佳)與SQL指令撰寫。
4. Git版本控制與協作。

【加分條件】:
1. 資安相關經驗。
2. GIS資料處理、分析經驗。
3. LINEBot開發經驗。",大學以上,不拘,Word,"
"
資深後端工程師,代碼科技有限公司,台北市信義區,待遇面議,//www.104.com.tw/job/7czow?jobsource=jolist_b_relevance,"1.根據分配之專案，進行軟體開發與維護。
2.協助研發與導入軟體新技術與新工具。
3.規劃執行需求功能之技術架構，掌握軟體設計進度。",大學以上,不拘,JavaScript,"必須條件:
1. 具RESTful API開發經驗。
2. 熟悉MySQL CRUD與Stored Procedure 等操作
3. 精通任一主流後端程式語言 如 Go, NodeJs...etc 等語言。
4. 三年以上軟體開發經驗。
5. 團隊合作能力佳。
加分條件:
1. 對於 Redis,MongoDB,RabbitMQ 有相關應用
2. Docker 基本建置Image與docker compose 操作
3. 單元測試經驗。
4. Design Patterns 相關運用
5. Linux centOS or Ubuntu 環境基本操作"
資深-JAVA 後端軟體工程師,聯訊網路有限公司,台中市西區,"月薪90,000元以上",//www.104.com.tw/job/7g0uz?jobsource=jolist_b_relevance,"1、參與系統的詳細功能設計,撰寫相關技術文檔
2、編寫軟體代碼、完成單元測試、協助測試
3、開發完成的程式完整滿足需求
4、負責解決開發過程中的技術問題
5、系統開發測試、部署和集成
6、完成部門交給的其他任務
7、對自我有要求，不任意擺爛，有良好的操守品行
8、上班時間彈性，工資可談
**初階、對後端有興趣者也歡迎投遞**
**公司也有提供前端職缺**",大學以上,不拘,Oracle,"1、java基礎知識功底
     熟悉Spring Boot、Mybatis等框架的實現原理和相關應用場景者佳。
     熟悉多線程和線程池的相關實現原理。
2、熟悉消息中間件框架和分散式緩存框架:rocketmq、kafka和redis。
3、熟悉ElasticSearch及ELK在大數據系統中的應用。
4、有資料庫使用經驗者佳,Oracle，MySQL的使用,熟練操作Unix/Linux操作系統。
5、熟悉java、 web端相關技能:JSP, html、css/div、ajax、js和相關Jqeury的框架, React框架優先。
7、有較強的溝通協調能力和團隊精神、承壓能力和學習能力、良好的服務意識。
8、初階可，有基本java功底、對後端工作有興趣者歡迎加入。"
後端工程師,財團法人台灣地理資訊中心,台北市中正區,待遇面議,//www.104.com.tw/job/778ew?jobsource=jolist_a_relevance,"1.專案網站平台設計與開發
2.系統性能優化，並修正系統資訊安全弱點問題
3.撰寫開發維護手冊或相關技術文件
4.主管安排的其它工作事項
",大學以上,不拘,AWS," 1.熟悉任何一個 server-side framework (Lavarel/ Spring/ Gin/MVC5 ...etc)
2.熟悉至少一個的後端語言(PHP, Java(Kotlin), Golang, C#...etc)
3.熟悉RESTful觀念，並且設計合理API
4.熟悉至少一種Database的原理
5.熟悉Git、SVN版本控制
6.具有獨立作業能力，也樂於團隊合作，善於溝通不吝與人分享
加分條件(非必要)
1.熟悉雲端操作AWS/ GCP
2.Docker 架構設計經驗。
3.具有基礎英文閱讀能力，能解讀Stack Overflow問答網站內容。

 "
後端工程師,康聯生醫科技股份有限公司,台北市中正區,待遇面議,//www.104.com.tw/job/7ndwe?jobsource=jolist_a_relevance,"1.負責Java後端應用程式開發工作。
2.依據需求及系統設計規劃，實作程式開發。
3.主管交辦事項。",大學,資訊工程相關、其他數學及電算機科學相關,RDBMS,"1.熟悉Java程式語言開發。
2.具有Spring開發RESTful API經驗。
3.熟悉至少一種關聯式資料庫應用(MSSQL / MySQL / Oracle) 。
4.能夠主動發現和解決系統中存在的關鍵技術問題。
5.喜愛鑽研新技術、樂於主動自我學習並與同仁共享與討論。
"
後端工程師,奇點無限股份有限公司,台中市北區,待遇面議,//www.104.com.tw/job/6u3no?jobsource=jolist_a_relevance,"這個職位要做的是世界級、運算極密集的平台開發與維護，絕對把你現有的知識與經驗重新翻洗，大幅提升後端能力。

  1. 研究開發並維護後端架構
  2. 基本效能評估、測試與優化改善
  3. RESTful API 開發
  4. 開發/API文件撰寫",大學,資訊工程相關、其他數學及電算機科學相關,Node.js," 1. GraphQL API 開發經驗
  2. 具 MongoDB 或 ElasticSearch 使用經驗者
  3. Messaging Engine, e.g. Kafka, ELK, MQ,
  4. Data Processing, Pipeline 規劃開發
  5. 熟悉容器技術, e.g. Docker 相關技術
  6. 熟悉任一雲服務
  7. Linux平台上開發經驗
  8. 提供 GitHub 個人主頁
  9. 有N-API使用經驗佳"
"【遠距面試優先】後端開發工程師 (熟 C#, .NET Core, .NET Framework)",日本NEC集團_統智科技股份有限公司,台北市內湖區,待遇面議,//www.104.com.tw/job/797ef?jobsource=jolist_a_relevance,"參與大型智慧零售、物流系統的後端設計、開發、維護工作。

★職缺開啟原因：雲端團隊持續擴編中★",大學,資訊工程相關、其他數學及電算機科學相關,C#,"【必要條件】
          - 對學習新知保持積極
          - 具 3年以上後端開發經驗
          - 熟 C#、.NET Core
          - 使用 Entity Framework／Dapper／其他相似工具
          - 使用 MSTest／NUnit／xUnit 任一種單元測試框架
          - 使用 版控（Git 優先）
          - 持續重構程式碼的習慣（Clean Code）

【加分條件選項】
          - 串接 AWS、Azure、GCP 開發經驗
            （公司欲推行「雲端服務平台」的教育訓練）
          - 系統架構、程式架構設計經驗／微服務開發經驗
          - Store Procedure 的開發、維護 經驗
"
後端工程師,六書堂數位學習股份有限公司,台中市南屯區,"年薪400,000~720,000元",//www.104.com.tw/job/7nas5?jobsource=jolist_a_relevance,"【職務描述】
-平台專案開發 (Laravel)
-API程式開發，供Android和iOS團隊、網站前端團隊介接
-優化網站效能
-維護自主產品及系統
-每日Code Review會議，技術分享、交流
-釐清PM需求，與後端工程師協作，開發網頁前端互動功能 
-不留下技術債

【技術需求】
-2年以上 Laravel 專案開發經驗，熟悉 PHP Laravel
-熟悉版本控制(Git)管理開發流程經驗
-熟悉Linux 命令列指令碼操作
-喜愛寫程式、認真負責、重視團隊合作精神

",大學,資訊工程相關、其他數學及電算機科學相關,PHP,"【加分條件】
-熟悉 MySQL優化
-熟悉 Object-Oriented Programming(OOP) 開發
-熟悉基礎 MVC 架構或其他設計模式 (design-pattern)
-具備良好的Coding Style及技術文件編寫能力
-具第三方API串接能力(e.g. FB / Google / Line / Invoice / PayPal )
-CI / CD 工具流程
-Docker 使用
-良好的溝通能力與團隊合作能力
-樂於分享技術新知
"
Golang後端工程師,禾亞數位科技股份有限公司,台北市大安區,"年薪2,000,000~3,000,000元",//www.104.com.tw/job/7jgpm?jobsource=jolist_a_relevance,"HOYA Bit Exchange 致力成為加密貨幣新鮮人的最佳信任夥伴，我們致力研究加密貨幣的解決場景，並針對用戶需求提供解決方案，讓加密貨幣便利每個人的生活!

HOYA Bit Exchange 擁有三大特色：

1. 一切合法合規：
合法合規是對所有用戶的保障!! HOYA Bitt Exchange 承諾一切業務將遵守政府制定相關法律，公司編制包含法務、內控與稽核人員，並與國際級律師、會計師、政府相關單位合作，讓 HOYA Bit 能夠在為用戶的服務上走的長久。

2. 24 小時諮詢服務：
HOYA Bit 是對新手最友善的交易所，不論是交易上面的問題、加密貨幣的最新資訊，都歡迎您與我們交流，我們的小幫手將以最熱情的態度回答每一個問題，讓大家一起在加密貨幣的世界中收穫滿滿。

3. 最友善的使用介面：
身為對新手最友善的交易所，友善的使用介面是非常重要不論是交易上面的問題、加密貨幣的最新資訊，都歡迎您與我們交流，我們的小幫手將以最熱情的態度回答每一個問題，讓大家一起在加密貨幣的世界中收穫滿滿。

【工作內容】
・ 使用Golang語言，負責公司產品的後端需求開發
・ 產出相關的的技術⽂件，如系統流程/架構文件，API 文件 等
・ 接觸部分 DevOps 相關技術，處理資安強化相關功能
・ 評估新的技術與工具，協助規劃導入
・ 參與自動化流程的建置

【具備條件】
・ 精通至少一種程式語言：Golang、Rust、C#、Node.js、Javascript、Python、C++
・ 熟悉 Linux 操作
・ 基本版本控管概念 (Git)
・ 任一整合公開 API 經驗
・ 喜歡新創公司靈活與快速試錯的工作模式
・ 熟悉MySQL語法，能根據執行計畫調整查詢
・ 用過 ElasticSearch/Redis/MQ
・ 對於改善現有系統不足能有熱忱

【額外加分】
・ 熟悉區塊鏈相關技術、智能合約開發
・ 熟悉交易所的運作、以太坊公鏈、HyperLedger、驗證機制（POW、POS、PBFT等）
・ 有使用以太坊 (geth, solidity, web3js) 經驗
・ 熟悉 VM 、AWS、 Docker
・ 熟悉軟體開發流程
・ 有效能優化經驗
・ 熟悉 Linux 開發環境及工具。例如：Ubuntu, Nginx, Apache
・ 具有網路安全知識、開發多人上線大型網站經驗
",大學以上,不拘,Go,"【加分條件】
-熟悉 MySQL優化
-熟悉 Object-Oriented Programming(OOP) 開發
-熟悉基礎 MVC 架構或其他設計模式 (design-pattern)
-具備良好的Coding Style及技術文件編寫能力
-具第三方API串接能力(e.g. FB / Google / Line / Invoice / PayPal )
-CI / CD 工具流程
-Docker 使用
-良好的溝通能力與團隊合作能力
-樂於分享技術新知
"
後端工程師,竣盟科技股份有限公司,台北市中山區,待遇面議,//www.104.com.tw/job/7lly4?jobsource=jolist_a_relevance,"工作條件:
1.精通Restful API使用
2.使用python 進行程式開發，並具備FLASK 網頁開發經驗，與API介接經驗
3.熟悉關聯式資料庫，如MySql
4.熟悉linux與git 
5.具備網頁資安知識
6.具備良好溝通表達能力及團隊合作技巧
7.具有良好的人際溝通能力和技巧，且創新性地編程來解決問題的能力

工作內容:
1.協助撰寫後端網頁API開發
2.協助撰寫日誌收容規則派發
3.串接各式情資API

加分條件:
1.具有docker容器化操作經驗佳
2.具備ELK建置經驗佳
3.熟悉linux rsyslog派發機制佳
",高中以上,不拘,MySQL,"【加分條件】
-熟悉 MySQL優化
-熟悉 Object-Oriented Programming(OOP) 開發
-熟悉基礎 MVC 架構或其他設計模式 (design-pattern)
-具備良好的Coding Style及技術文件編寫能力
-具第三方API串接能力(e.g. FB / Google / Line / Invoice / PayPal )
-CI / CD 工具流程
-Docker 使用
-良好的溝通能力與團隊合作能力
-樂於分享技術新知
"
後端工程師,中華龍網股份有限公司,新北市板橋區,"月薪35,000~60,000元",//www.104.com.tw/job/7kdp7?jobsource=jolist_a_relevance,"目標 :
本次招募對象為，上手後大部分時間可獨立作業的後端工程師，重視工程精神與團隊紀律，喜歡持續進步的文化，樂於與團隊互相交流學習
條件 ( 符合愈多愈好) :
1. 1年以上後端相關工作經驗
2. 熟悉或慣用一個後端語言，Python
3. 熟悉或慣用一項後端開發框架，Node.js
4. 熟悉 git 操作，了解多人共同開發流程，如 git flow
5. 良好的團隊合作與溝通能力
6. 邏輯思考能力強
7. 擁有設計和操作資料庫的能力
",高中、專科、大學,資訊管理相關、資訊工程相關,Node.js,"【加分條件】
-熟悉 MySQL優化
-熟悉 Object-Oriented Programming(OOP) 開發
-熟悉基礎 MVC 架構或其他設計模式 (design-pattern)
-具備良好的Coding Style及技術文件編寫能力
-具第三方API串接能力(e.g. FB / Google / Line / Invoice / PayPal )
-CI / CD 工具流程
-Docker 使用
-良好的溝通能力與團隊合作能力
-樂於分享技術新知
"
PHP後端工程師,台盈資訊科技有限公司,台北市松山區,待遇面議,//www.104.com.tw/job/6lgdn?jobsource=jolist_a_relevance,"1. 與設計人員、後端工程師協同作業，完成網站開發。
2. 連接現有系統，進行介面的製作與調整。
3. 不同裝置、設備的相容性測試。
4. 處理客戶網站及其主機(wamp)問題排解。",不拘,不拘,HTML,"要求具備在非使用框架下， PHP、MySQL、HTML的開發經驗 (三者皆具備)。
若有以下經驗者佳: 
1.線上交易系統 
2.大量數據交換 
3.使用 redis 的經驗"
後端系統開發工程師,馬來西亞商韋博科技有限公司台灣分公司,新北市板橋區,待遇面議,//www.104.com.tw/job/6yj75?jobsource=jolist_a_relevance,"新創公司積極尋找資訊相關人才，我們擁有熱情活潑的團隊、良好的升遷空間與舒適的工作環境。歡迎想要挑戰的你／妳加入我們，一起創造佳績！

1. 根據企劃文件，開發遊戲相關需求
2. 與企劃、美術協調開發過程中的問題
3. 與前端工程師配合，完成遊戲前後端串接
4. 配合團隊開發流程，進行 Code review 維持程式碼品質

【能力要求】
・資訊工程 / 資訊管理等相關科系畢業
・熟悉一種後端開發程式語言 (GoLang佳)
・熟悉關聯式資料庫（RDBMS）的使用 (e.g. Postgres, MySQL)
・熟悉資料結構、演算法與物件導向概念
・熟悉 RESTful API
・熟悉 Git 版本控管軟體操作",不拘,不拘,HTML,"【特質要求】
・具備良好溝通能力
・有獨立思考的能力
・願意接受他人指教
・勇於接受挑戰
・樂於學習新事物

【加分項目】
・熟悉 Amazon Web Service
・熟悉 Redis, MongoDB, Elasticsearch
・有完整的後端伺服器開發經驗
・有前端開發經驗 (e.g. VueJS, ReactJS, CSS, HTML5)
・有撰寫 Unit test, 壓力測試等經驗
・有 CI/CD 部署經驗
・理解 Design Pattern"
後端工程師Junior Backend Engineer,慧穩科技股份有限公司,台中市西屯區,待遇面議,//www.104.com.tw/job/793ve?jobsource=jolist_a_relevance,"工作內容:
1、負責開發、維護後端Django專案
2、負責REST API的開發，優化產品效能
3、撰寫設計開發文件

必備條件:
1、熟悉Python程式撰寫。
2、熟悉Database設計、開發、測試
3、熟悉Git工具使用
4、熟悉Linux開發環境

加分條件:
1、後端開發經驗
2、Django Rest framework框架
3、RESTful API 設計及實作經驗與後端 API 開發經驗",不拘,不拘,Django,"加分條件:
1、後端開發經驗
2、Django Rest framework框架
3、RESTful API 設計及實作經驗與後端 API 開發經驗

Soft skills:
1、邏輯清晰，追求最佳自動化測試
2、溝通能力良好，能確保需求規格落地執行
3、積極主動，充滿好奇心、樂於學習新的技術
4、具備團隊合作精神
"
後端技術工程師   (Back End Software Engineer),台灣賀思達科技有限公司,台北市中正區,待遇面議,//www.104.com.tw/job/7hhan?jobsource=jolist_a_relevance,"STACS是一家發展迅速的金融科技公司，我們正在尋找一位後端技術工程師加入我們这迅速擴張的工程團隊，為下一代基於雲的金融技術平臺做出貢獻。 

理想的候選人需要是一位具有實際經驗的工程師，對创建可擴展雲平臺以解決金融行業的實際問題有著濃厚的興趣。候選人必須擁有後端到資料庫完整堆疊中强而有力技術專長，並能拥有專業常識地使用 RESTFUL API。候选人必须在快速与敏捷的環境中拥有独立的敏锐思考。並同团队保持良好的溝通，直至完成工作方案。 

您將成為改變當今資本市場運作方式的關鍵貢獻者。若成功的加入STACS的大家庭，您將與內部利益相關者共同為客戶以及產品構建出最佳平臺。 

作為後端技术工程師，您將負責根據生產環境中的業務要求構建新功能，並增強現有功能。您可以設計和構建對金融行業具有變革性和授權性的核心功能。 

 
您的日常職責涵蓋以下內容： 
編寫可靠、可擴展、生產品質的代碼 
使用現代框架開發基於雲的 Web 應用程式 
在敏捷環境中在微服務架構中開發 API 
作為團隊的一部分，協同工作，將客戶洞察、設計、數據分析結合在一起，開發新的產品功能，解決現實世界的客戶問題。 ",不拘,不拘,AWS," 条件 
工程學或相關領域的學士學位或更高學位 
2 至3年軟體工程經驗 
後端系統架構設計規劃及開發建置 
擁有 Java Spring Boot 經驗 
Unix/Linux 經驗、分散式/並行系統、資訊檢索、網路化方面的經驗 
數據庫的經驗（例如 MySQL etc..） 
對NOSQL資料庫的深刻理解（例如，DynamoDB, MongoDB） 
REST API 的經驗 (能夠設計和實作的能力) 
對與 AWS服務 或其他雲供應商的理解 
熟悉程式碼版本控制工具，例如Git 
對區塊鏈技術感興趣 

 
我們在找這樣的人才: 
重視團隊合作。 
带有好奇心學習态度。 
喜歡與代碼一起工作。 
適應能力与解決問題能力強。 
以客戶為中心的心態。 
在複雜性和獨立性上茁壯成長的自我創業者。  "
後端工程師,匯康資訊科技有限公司,高雄市苓雅區,"月薪30,000~50,000元",//www.104.com.tw/job/6ss9t?jobsource=jolist_a_relevance,"1. 負責各項資訊專案或需求功能開發，包括系統設計、程式開發等 
2. 負責系統後端API程式開發， 進行系統單元測試、功能測試 
3. 網站應用程式開發 
4. 伺服器管理、維護 
5. 系統相關文件撰寫及主管交辦事項
6.APP後端程式
",大學以上,資訊工程相關、資訊管理相關、電機電子工程相關,Visio,"基本條件: 
1. 熟悉Java程式開發 
 樂於溝通分享並重視團隊合作，能主動發現問題並尋求最佳解決方案 
 熟悉後端相關開發框架
"
後端工程師,昇晉整合服務有限公司,新北市板橋區,"月薪35,000~60,000元",//www.104.com.tw/job/7ie6i?jobsource=jolist_a_relevance,"
資訊工程相關科系畢業者優先、無工作經驗可。

1.工作內容：
   ●後端 server 應用程式撰寫設計與開發。
   ●開發流程文件撰寫。
   ●資料庫建置與維護。
   ●依專案安排工作事項。

2.相關技能：
   ● JAVA（必要）、Python、JavaScript、TypeScrip。
   ●RDBMS(PostgreSQL、MySQL、SQL Sever...擇一必要）。
   ●NoSQL(Redis, MongoDB...)。
   ●Git（必要）。

3.加分條件：
   ●熟悉docker、k8s、linux/unix shell。

4.工作態度積極、負責、具良好分析與解決問題之能力、願意主動學習並
   重視團隊合作。

5.薪資3.5萬-6萬，依資歷面議。",專科以上,不拘,Visio,"基本條件: 
1. 熟悉Java程式開發 
 樂於溝通分享並重視團隊合作，能主動發現問題並尋求最佳解決方案 
 熟悉後端相關開發框架
"
後端工程師 (JAVA),新加坡商輕鬆享股份有限公司台灣分公司,台北市信義區,待遇面議,//www.104.com.tw/job/7iorm?jobsource=jolist_a_relevance,"【工作說明】:

參與支付服務後端開發的全過程。了解業務需求並將其轉化為實施
了解後端系統，應用高級技術來優化系統
研究最新技術，解決系統問題並與其他團隊成員共享系統問題解決方式",專科以上,不拘,JavaScript,"【任職要求】:

精通 Java，Spring Framework，ORM（MyBatis，Hibernate 等）
三年以上軟體開發相關工作經驗
熟悉諸如 Git 之類的源代碼控制工具
在數據庫（MySql，MongoDB），Redis，MQ，Linux 方面具有豐富的知識
具有 Golang，微服務，Docker，K8S 或 REST API 的經驗尤佳
能夠在快速環境中管理多個任務和時間表
清晰有效的溝通技巧
良好的學習態度和能力，願意分享知識
邏輯和批判性思維"
後端工程師 (Backend Engineer),訊連科技股份有限公司,新北市新店區,待遇面議,//www.104.com.tw/job/5h3zi?jobsource=jolist_a_relevance,"我們在台灣最棒的軟體公司，建置台灣最大的雲端系統，將它的效能和穩定優化到一流的國際水準。
提供影音串流服務，善用雲端平台與大數據分析技術，從大量資料中提煉出有價值的資訊黃金。


1. 開發大型軟體雲端網路平台，為使用者提供雲端服務
2. 多媒體影音軟體後端 API 撰寫（訊連旗艦產品－威力導演、相片大師...等）
3. 參與企業級雲端伺服系統設計、開發與維護，打造效率與穩定性兼顧之大型平台


我們在找這樣的人才：
1. 良好的 Java 語言基礎
2. 有使用資料庫系統相關經驗
3. 對新事物抱持積極的學習態度，樂於團隊合作及分享


-------------------------------------------------------------
歡迎程式高手挑戰【訊連科技線上程式語言測驗】
考題：JAVA
考試連結：https://coderbyte.com/sl-candidate?promo=cyberlink-8vi0w:java-assessment-d93i7i5nj8

*若通過測驗會主動與您聯繫，安排面試時間*",大學以上,資訊工程相關、電機電子工程相關,J2SE, 
資深後端工程師,代碼科技有限公司,台北市信義區,待遇面議,//www.104.com.tw/job/7czow?jobsource=jolist_a_relevance,"1.根據分配之專案，進行軟體開發與維護。
2.協助研發與導入軟體新技術與新工具。
3.規劃執行需求功能之技術架構，掌握軟體設計進度。",大學以上,資訊工程相關、電機電子工程相關,JavaScript,"必須條件:
1. 具RESTful API開發經驗。
2. 熟悉MySQL CRUD與Stored Procedure 等操作
3. 精通任一主流後端程式語言 如 Go, NodeJs...etc 等語言。
4. 三年以上軟體開發經驗。
5. 團隊合作能力佳。
加分條件:
1. 對於 Redis,MongoDB,RabbitMQ 有相關應用
2. Docker 基本建置Image與docker compose 操作
3. 單元測試經驗。
4. Design Patterns 相關運用
5. Linux centOS or Ubuntu 環境基本操作"
Python 後端工程師,光禾感知科技股份有限公司,台北市大安區,待遇面議,//www.104.com.tw/job/71j4l?jobsource=jolist_a_relevance,"[ 工作內容 ]
1. 開發易維護、可擴展的後端系統
2. 為系統設計架構、資料庫、API、及撰寫文件
3. 與 PM 和前端工程師合作，進行開發及功能拓展
4. 測試流程設計（Unit Test／Integration Test）

[ 基本條件 ]
1. 有以 Python 作為後端開發一年以上的經驗。
2. 了解 SQL 或 NoSQL 資料庫，使用 MSSQL／MongoDB 尤佳。
3. 基本資料結構及演算法等。
4. 基本 Git 版本控制。
5. 基本 Linux 指令操作。
6. 熟悉 Flask／Django／FastAPI 至少一種 Web Framework，Flask 尤佳。

[ 加分項目 ]
1. 具備基礎前端開發經驗，能設計和實作簡單的管理後台。
2. 具備 Microsoft Azure 管理或架設經驗。
3. 具備 VM 部署相關經驗，了解 nginx。
4. 使用過 Docker 部屬後端服務。
5. 對軟硬體整合建置有經驗或興趣。
6. 若有作品請附上 GitHub 等相關連結或截圖。


若您對我們在做的事情感興趣，很歡迎你加入光禾這個大家庭
投遞 104 履歷前請務必完成這份問卷：https://forms.gle/hVLvySyjv4Fign7YA
讓合作夥伴能更深入了解你！",專科、大學、碩士,資訊工程相關、電機電子工程相關、資訊管理相關,MySQL,"必須條件:
1. 具RESTful API開發經驗。
2. 熟悉MySQL CRUD與Stored Procedure 等操作
3. 精通任一主流後端程式語言 如 Go, NodeJs...etc 等語言。
4. 三年以上軟體開發經驗。
5. 團隊合作能力佳。
加分條件:
1. 對於 Redis,MongoDB,RabbitMQ 有相關應用
2. Docker 基本建置Image與docker compose 操作
3. 單元測試經驗。
4. Design Patterns 相關運用
5. Linux centOS or Ubuntu 環境基本操作"
Backend Engineer | 後端工程師 (Moneybook 麻布記帳),麻布數據科技股份有限公司,台北市信義區,"年薪700,000~1,000,000元",//www.104.com.tw/job/7e295?jobsource=jolist_a_relevance,"『Moneybook麻布記帳』是全台唯一提供「全資產自動整合服務」的產品，參與開放銀行 Open API 政策第一、二階段，目前已串接 32 家銀行、17 家信用卡、18 家證券之資訊，合作銀行家數為國內TSP（第三方服務業者）之最。

我們很重視使用者聲音，善用數據進行產品功能開發，內部採 Scrum 模式運作，小步快跑快速迭代產品。

此外，團隊也重視使用者隱私與資訊安全管理，引進國際資安標準 ISO/IEC 27001，並通過加拿大第三方驗證公司之資安驗證。

【職務內容】
1. 主要負責 Moneybook (麻布記帳) 後端系統開發和維運，目標是開發出容易維護、測試、符合資安標準(ISO 27001)的後端系統，包含：
    (a) Backend API 設計和開發
    (b) 爬蟲設計開發
    (c) GCP 系統維護 (GCE、GKE、Loadbalancer、BigQuery等)
    (d) 數據平台建置
    (e) 部分 DevOps 作業
2. 負責 ISO 27001 維運，執行相關流程作業。
3. 採敏捷開發模式 (Scrum)，需頻繁與 PM、UI/UX 設計師密切合作，快速迭代產出。
4. 熱衷於產品開發，願意不斷學習新技術，並樂於分享討論。
5. 內部環境自由，可自由參與其他相關大數據，資料庫等專案，不斷增加能力。
我們目前使用，且你將會接觸到系統和技術：
■ Redis
■ MySQL
■ MongoDB
■ RabbitMQ
■ ELK
■ Prometheus
■ Kubernetes
■ Google Cloud Platform
■ Terraform


【職務需求】
1. 「資訊工程背景」或「一年以上後端開發經驗」。
2. 熟悉 GCP，具備 System, Networking, Automation, Security, 及 Architecting 知識觀念。
3. 熟悉 NodeJS, Golang, Python 任一，不排斥學習其他語言。
4. 具備任一 RDBS 資料庫使用經驗 (PostgreSQL, MySQL, MariaDB …)。
5. 具備 Git 和 CI/CD 經驗。
6. 具備團隊合作能力，能夠主動與PM、前端、後端工程師等討論並給予專業建議，共同追求合適的解決方案。


【加分項目】
◎ 具有 Open Banking 開發經驗。
◎ 有規劃系統架構的經驗。
◎ 熟悉 Typescript。
◎ 具有 Kubernetes 使用經驗。
◎ 曾經使用過雲端服務 GCP、AWS、AZURE 等 ...。
◎ 具有效能調校經驗。
◎ 具有敏捷開發經驗。
◎ 具有資安相關證照或經驗。
◎ 追求 Clean code，且有 Code review 的經驗。 ",專科以上,資訊工程相關、資訊管理相關,JavaScript,「資訊工程背景」或「一年以上後端開發經驗」
API後端工程師 (TCLY05),優聘資訊科技有限公司,台中市西屯區,待遇面議,//www.104.com.tw/job/7m4wo?jobsource=jolist_a_relevance,"【職務內容】
1. 進行平台API串接及整合，協助開發與維護平台
2. 具備後端 API實務操作、及後台報表開發
3. 熟悉 Python程式撰寫

【條件需求】
1. 有API串接經驗
2. 有同業經驗佳

【工作地點】台中市西屯區


⭐福利制度⭐
年終獎金/三節獎金(禮品)/生日禮金/結婚禮金/生育津貼/育兒津貼/
員工旅遊(國內國外)/零食櫃/咖啡吧/部門聚餐/員工健康檢查...等


➡有興趣者直接投遞履歷表，合適者將會主動聯絡
應徵流程：線上投遞履歷表→顧問預約視訊訪談(約30min)→企業面試

➡可+Line了解更多職務內容。帳號：@talfin.ai
加入後請先提供姓名與應徵職務",不拘,不拘,Python,「資訊工程背景」或「一年以上後端開發經驗」
電子商務後端工程師_新竹,環球晶圓股份有限公司,新竹市,待遇面議,//www.104.com.tw/job/7l4xj?jobsource=jolist_c_relevance,"1.後端API 程式撰寫
2.與前端工程師合作優化專案系統
3.Smart Manufacturing 功能研究與開發
4.DB程式撰寫",大學、碩士,資訊管理相關、資訊工程相關,Angular,"1. 網頁後端API撰寫&Library開發
2. 熟悉Java Script
3. 熟悉Angula MVC架構
4. 熟悉資料庫程式語言
5. UNIX shell程式開發 
6. Data Base建構"
F0100B12-後端工程師,易遊網股份有限公司,台北市中山區,待遇面議,//www.104.com.tw/job/7mt40?jobsource=jolist_c_relevance,"1.負責訂房及後台的服務開發，並撰寫需要的SQL指令
2.配合前端工程師，提供API讓前端展示資料或提供服務給客人使用",大學,不拘,Java,需具後端API開發能力，主要為Java
後端工程師,財團法人台灣地理資訊中心,台北市中正區,待遇面議,//www.104.com.tw/job/778ew?jobsource=jolist_c_relevance,"1.專案網站平台設計與開發
2.系統性能優化，並修正系統資訊安全弱點問題
3.撰寫開發維護手冊或相關技術文件
4.主管安排的其它工作事項
",大學,不拘,AWS," 1.熟悉任何一個 server-side framework (Lavarel/ Spring/ Gin/MVC5 ...etc)
2.熟悉至少一個的後端語言(PHP, Java(Kotlin), Golang, C#...etc)
3.熟悉RESTful觀念，並且設計合理API
4.熟悉至少一種Database的原理
5.熟悉Git、SVN版本控制
6.具有獨立作業能力，也樂於團隊合作，善於溝通不吝與人分享
加分條件(非必要)
1.熟悉雲端操作AWS/ GCP
2.Docker 架構設計經驗。
3.具有基礎英文閱讀能力，能解讀Stack Overflow問答網站內容。

 "
Sr. Backend Engineer | 資深後端工程師 ( Invos 發票存摺 ),麻布數據科技股份有限公司,台北市信義區,"年薪1,100,000~1,500,000元",//www.104.com.tw/job/7e29r?jobsource=jolist_c_relevance,"公司主要兩大商品為 Moneybook 麻布記帳 ＆ 發票存摺

『發票存摺』為市面上功能最貼近生活的消費管理 App，累積 600 萬下載次，為國內發票應用 APP 第一名。
『引客數據』以11億＋筆發票數據為基礎，即時精準洞察消費行為、商品銷售變化、及產業與通路營業趨勢。
對於用戶資訊高度安全要求下，採用國際資安標準 ISO/IEC 27001，並通過加拿大第三方驗證公司 TCIC 環奧國際驗證公司的驗證。秉持著「存發票享優惠」的理念，持續透過巨量資料分析與智能化推薦，串連用戶與品牌通路商，為消費生活提供更多元的可能性，也讓使用者不只是存發票記錄消費，還能享有更多通路優惠與回饋！


【新聞報導】
► 從被銀行封殺到發票App一哥，還吸引中信、PChome投資！麻布數據集團強在哪？
► 發票管家百百款　它為何吸引PChome、中信注資


【職務內容】
1. 本職務主要負責「發票存摺」後端系統和數據平台的架構設計與開發維運，目標是設計容易維護、測試、能夠承受百萬流量負載，並符合資安標準 (ISO 27001) 的後端系統，工作內容包含：
(a) 負責內部核心系統、數據平台架構設計和開發
(b) 負責 GCP 架構設計、維運和效能調校 (GCE、GKE、BigQuery、Cloud SQL 等)
(c) 負責 Backend 架構和 API 設計開發
(d) 產品功能需求開發
(e) 負責 ISO 27001 維運，執行相關流程作業。
2. 採敏捷開發模式 (Scrum)，需頻繁與 PM、UI/UX 設計師密切合作，快速迭代產出。
3. 熱衷於產品開發，願意不斷學習新技術，並樂於分享討論。
4. 內部環境自由，可自由參與其他專案：大數據、機器學習、資料分析、推薦系統等專案，或跨產品開發。

我們目前使用下述技術開發和維運平台，以利系統穩定及面對百萬流量的系統壓力。
- Google Cloud Platform
- Containers & Serverless (Kubernetes, GAE ...)
- Redis
- Firestore
- BigQuery
- Pub/Sub
- Cloud build
- Selenium
- Terraform

【職務需求】
1. 三年以上後端開發經驗，具系統維運責任感。
2. 熟稔 GCP 和 GKE 維運，具備 System, Networking, Automation, Security, 及 Architecting 知識。
3. 程式開發以 PHP、Python 為主，至少需熟稔其中一種語言，且不排斥學習其他語言。
4. 具備 Git 和 CI/CD 經驗。
5. 熟稔任一 RDBS 資料庫操作和維運 (PostgreSQL, MySQL, MariaDB …)。
6. 重視程式碼品質，具備 Design Pattern 經驗，追求 Clean code，且有 Code review 的經驗。
7. 具備團隊合作能力，能夠主動與PM、前端、後端工程師討論，並給予專業建議，共同追求合適的解決方案。

【加分項目】
1. 規劃功能時，能給予多個方案並分析其優劣。
2. 系統或需求有衝突時，能做出取捨並推動執行。
3. 統效能調校、導入關鍵資源、系統瓶頸突破...等進階系統維運經驗。
4. 具有敏捷開發經驗。
5. 具有資安相關證照或經驗。

【其他】
除了履歷，我們也希望能從網路上認識你：
-個人網站、部落格
-Github, codepen 或是作品集
-對外公開分享的簡報或影片',",專科以上,不拘,JavaScript,三年以上後端開發經驗
後端工程師 Back-end Developer (Python / Golang),香港商廣域度數位行銷股份有限公司台灣分公司,新北市板橋區,"年薪550,000~1,200,000元",//www.104.com.tw/job/79svm?jobsource=jolist_c_relevance,"職缺描述
•熟悉Web後端的開發
•維護管理網站後台系統
•與團隊緊密合作開發企業解決方案及用戶界面
•與項目團隊和客戶密切合作，確保滿足要求
•規劃、設計與後續優化後端架構體系

•撰寫測試與設定自動化佈署流程",專科以上,不拘,JavaScript,"薪資範圍
年薪 55 -120萬新台幣，具領導能力者可另議。
工時/特休
1.上班時間9:30 至 18:30。
2.週休二日，依國定假日休假。
3.特休每年12天。

福利/推薦項
1.可選擇遠距工作或跟同事到共享空間工作
2.按能力及頁獻分配年底花紅

職務需求
•修讀電腦或相關理工科專業文憑證書畢業生
•具備一年以上的系統開發經驗
•熟悉 Python/Golang 者優先
•熟悉後端開發工具
•注重用戶體驗和測試後端系統效能
•熱衷於軟件開發
•具備良好的分析能力，良好溝通及解決問題能力，善於學習，樂於分享
•具備團隊合作的精神

***歡迎在家工作"
後端工程師,筌鴻科技股份有限公司,台北市內湖區,待遇面議,//www.104.com.tw/job/7k27h?jobsource=jolist_c_relevance,"【工作內容】
- 開發與維護後台管理系統
- 至少熟悉一種後端程式語言 (.Net、PHP 等)
- 了解網路相關協議TCP, HTTP/HTTPS
- 熟悉SQL語法，有MySQL、MariaDB、Mongodb等資料庫應用經驗
- 良好的溝通和團隊合作
(合適者會通知二次面試，不合適者恕不另行通知，非常謝謝應徵筌鴻職缺)",專科以上,不拘,JavaScript,"薪資範圍
年薪 55 -120萬新台幣，具領導能力者可另議。
工時/特休
1.上班時間9:30 至 18:30。
2.週休二日，依國定假日休假。
3.特休每年12天。

福利/推薦項
1.可選擇遠距工作或跟同事到共享空間工作
2.按能力及頁獻分配年底花紅

職務需求
•修讀電腦或相關理工科專業文憑證書畢業生
•具備一年以上的系統開發經驗
•熟悉 Python/Golang 者優先
•熟悉後端開發工具
•注重用戶體驗和測試後端系統效能
•熱衷於軟件開發
•具備良好的分析能力，良好溝通及解決問題能力，善於學習，樂於分享
•具備團隊合作的精神

***歡迎在家工作"
區塊鏈後端工程師(遠端工作),新博軟體開發股份有限公司,台中市西屯區,待遇面議,//www.104.com.tw/job/7m30a?jobsource=jolist_c_relevance,"主要開發區塊鏈遊戲後端系統，與遊戲工程師及智能合約工程師討論系統接口。並且維護已在運行的系統，依後續需求延伸其功能。

目前已基於 Web3 模組開發出的共用模組，可支援遊戲、前端、後端的應用開發，當有新需求擴增此模組功能時，需共同維護，也因如此需俱備單元測試撰寫的能力。

職責
●開發遊戲系統與API服務
●串接智能合約接口
●自動化部署與維護
●維護共用模組


",專科以上,不拘,Node.js,"必要條件：
●熟悉Node.js後端開發
●熟悉物件導向程式設計
●熟悉shell script
●熟悉SQL基本語法
●有閱讀官方技術文件的能力
●具備操作Docker經驗
●具備操作CI/CD經驗，如Drone、Jenkins
●具備撰寫單元測試經驗

加分條件：
●熟悉區塊鏈相關知識
●區塊鏈遊戲遊玩經驗

"
後端工程師,幸瑋企業有限公司,台北市內湖區,待遇面議,//www.104.com.tw/job/7ll7x?jobsource=jolist_c_relevance,"專案系統開發
資料庫架構設計開發及調整維護

熟任一後端開發語言及框架，Python+Django佳
熟AWS等公有雲服務且具佈署能力
熟ERP或相似套裝軟體架構，或有前述開發經驗者佳
曾有Git或svn版本更新經驗者佳

本職為研發性質，須有獨立突破瓶頸之能力",專科、大學、碩士,不拘,MySQL,"必要條件：
●熟悉Node.js後端開發
●熟悉物件導向程式設計
●熟悉shell script
●熟悉SQL基本語法
●有閱讀官方技術文件的能力
●具備操作Docker經驗
●具備操作CI/CD經驗，如Drone、Jenkins
●具備撰寫單元測試經驗

加分條件：
●熟悉區塊鏈相關知識
●區塊鏈遊戲遊玩經驗

"
後端技術工程師   (Back End Software Engineer),台灣賀思達科技有限公司,台北市中正區,待遇面議,//www.104.com.tw/job/7hhan?jobsource=jolist_c_relevance,"STACS是一家發展迅速的金融科技公司，我們正在尋找一位後端技術工程師加入我們这迅速擴張的工程團隊，為下一代基於雲的金融技術平臺做出貢獻。 

理想的候選人需要是一位具有實際經驗的工程師，對创建可擴展雲平臺以解決金融行業的實際問題有著濃厚的興趣。候選人必須擁有後端到資料庫完整堆疊中强而有力技術專長，並能拥有專業常識地使用 RESTFUL API。候选人必须在快速与敏捷的環境中拥有独立的敏锐思考。並同团队保持良好的溝通，直至完成工作方案。 

您將成為改變當今資本市場運作方式的關鍵貢獻者。若成功的加入STACS的大家庭，您將與內部利益相關者共同為客戶以及產品構建出最佳平臺。 

作為後端技术工程師，您將負責根據生產環境中的業務要求構建新功能，並增強現有功能。您可以設計和構建對金融行業具有變革性和授權性的核心功能。 

 
您的日常職責涵蓋以下內容： 
編寫可靠、可擴展、生產品質的代碼 
使用現代框架開發基於雲的 Web 應用程式 
在敏捷環境中在微服務架構中開發 API 
作為團隊的一部分，協同工作，將客戶洞察、設計、數據分析結合在一起，開發新的產品功能，解決現實世界的客戶問題。 ",專科、大學、碩士,不拘,AWS," 条件 
工程學或相關領域的學士學位或更高學位 
2 至3年軟體工程經驗 
後端系統架構設計規劃及開發建置 
擁有 Java Spring Boot 經驗 
Unix/Linux 經驗、分散式/並行系統、資訊檢索、網路化方面的經驗 
數據庫的經驗（例如 MySQL etc..） 
對NOSQL資料庫的深刻理解（例如，DynamoDB, MongoDB） 
REST API 的經驗 (能夠設計和實作的能力) 
對與 AWS服務 或其他雲供應商的理解 
熟悉程式碼版本控制工具，例如Git 
對區塊鏈技術感興趣 

 
我們在找這樣的人才: 
重視團隊合作。 
带有好奇心學習态度。 
喜歡與代碼一起工作。 
適應能力与解決問題能力強。 
以客戶為中心的心態。 
在複雜性和獨立性上茁壯成長的自我創業者。  "
IoT後端軟體開發工程師,台灣松下電器股份有限公司,新北市中和區,"月薪35,000元以上",//www.104.com.tw/job/7cxqn?jobsource=jolist_c_relevance,"1. Panasonic IoT家電與商業用設備後端軟體平台系統資料維護系統開發 
2.台灣研發據點設在中和,與日本及中國研發據點之IoT後端平台開發. 
3.系統涵蓋IoT家電,住宅設備,大型空調,商店等應用領域API串接...等.
★開發津貼與加班費另計
★具經驗者薪資另議
★每一個開發成果都能深入每一位消費者的日常生活，擴大招募資工人才加入中。
",大學,資訊工程相關,Node.js,"能力需求：
(1)熟悉任一後端開發語言-包括但不限於 Node.js, Python, C#
(2)Database應用: Microsoft SQL Server, Postgresql等RDBMS, Redis等NoSQL DB
(3)API開發/設計

多益測驗450分以上優先面試"
後端工程師,創見資訊股份有限公司,台北市內湖區,待遇面議,//www.104.com.tw/job/7m844?jobsource=jolist_c_relevance,"1. 開發與維護公司 B2B服務 / 內部管理系統
2. API 設計與需求開發 ( Microsoft WCF Web Service為主, 部分 AWS API Gateway / Lambda)
3. 第三方服務/合作夥伴 API串接
4.監控現有網站服務性能和優化架構設計, 提升網站運營效率

",碩士,資訊管理相關、資訊工程相關,CSS,"1. 至少一年以上網頁後端工程師 / 軟體開發 / 網站維護相關經驗
2. 熟悉 ASP.NET / C# / SQL 語法
3. 具備 CI/CD自動佈署經驗
4. 熟悉 Git 操作與 GitFlow 流程
"
後端工程師,一宇橙數位設計有限公司,嘉義市,"月薪28,000~41,000元",//www.104.com.tw/job/4j6wx?jobsource=jolist_c_relevance,"**本公司願意培養此職務人才，須具備 PHP & MySQL 基礎

✔ 職務說明：
1. 負責後端開發、維護網站和網路應用程式
2. 專案後端生產作業執行任務
3. 開發、優化及維運相關專案

✔ 職務內容：
1. Laravel or Codeigniter Framework 任一 PHP 框架佳
2. 後端框架程式模組化、元件、RESTful API、SDK 等架構開發
3. Git 版本控制
4. RDBMS 資料庫規劃、設計、創建，SQL 命令應用
5. 網路資安與弱點防禦基本概念 (OWASP Top 10)
6. 基礎 HTML5、CSS、Javascript、AJAX、JSON 前端程式語言
7. 具責任感配合專案進度執行作業，有效掌握工作效率者
8. 良好的溝通與團隊合作能力
9. 具解決問題能力，注重細節以及有效的自我要求

✔ 加分條件：
- 基本 SEO 知識與操作能力
- CI/CD
- Node.js / Socket Programming
- GCP、AWS 雲端主機微服務應用
- IoT 應用服務與雲端整合",不拘,不拘,Firebase,"1. 至少一年以上網頁後端工程師 / 軟體開發 / 網站維護相關經驗
2. 熟悉 ASP.NET / C# / SQL 語法
3. 具備 CI/CD自動佈署經驗
4. 熟悉 Git 操作與 GitFlow 流程
"
Node.js後端工程師(junior),卡訊電子股份有限公司,高雄市前鎮區,"月薪35,000~50,000元",//www.104.com.tw/job/7hr5h?jobsource=jolist_c_relevance,"1.需與團隊成員共同開發與維護專案
2.主要使用express框架，採前後分離開發(RESTful)
3.主要開發多媒體串流、資料存取及嵌入式系統後端應用

[基本條件]
基礎的CRUD與MVC開發
基礎的Git操作

[加分條件]
熟悉Linux系統
熟悉Javascript ES6
熟悉postgreSQL
其他語言開發經驗
有websocket經驗
附上做過的專案說明或github練習",大學、碩士,資訊工程相關、電機電子工程相關、資訊管理相關,Node.js,"1.目前團隊成員有C++、資深Node.js後端、資深前端與UI/UX
2.工作電腦可選擇 Mac mini / Mac Book Pro 或 Windows PC
3.提供雙螢幕24吋

"
後端工程師,東森新媒體控股股份有限公司,台北市大安區,待遇面議,//www.104.com.tw/job/7myrx?jobsource=jolist_c_relevance,"ETtoday目前Alexa排名為台灣第3名，全球第118名。2020牛津大學全球調查，ETtoday連續三年蟬聯台灣第1名網路新聞媒體。歡迎行動端好手一同加入新媒體，提供用戶最佳的行動端體驗！

工作內容：與 PM/UI/UX、前後端、資料、演算法工程師一同合作，開發東森新媒體旗下新服務。

基本條件：
1. 具有 3 年以上的後端開發經驗
2. 熟悉 PHP 8 和 Laravel
3. 熟悉 GIT 版本控制
4. 具 RESTful API 概念
5. 具 Linux 與 Container 使用經驗

加分條件：
1. 熟悉 MySQL
2. 熟悉 Container
3. 具 Linux 基本操作指令
4. 具 撰寫 PHPUnit 測試程式經驗

工程師之路不難走，但希望招募的你：
- 需有無比的熱忱或目的能支撐著你為何走上這工程師之路
- 擁有異於常人的抗壓力，因為主管很喜歡拋問題給你想，期許工程師了解自己寫了啥
- 具獨立開發也具和其他人組隊打怪的能力
- 對於新技術有滿滿的好奇心且願意去研讀，並樂於在吸收消化後分享給團隊成員",專科、大學、碩士,不拘,AWS,"1.目前團隊成員有C++、資深Node.js後端、資深前端與UI/UX
2.工作電腦可選擇 Mac mini / Mac Book Pro 或 Windows PC
3.提供雙螢幕24吋

"
初中階-JAVA 後端軟體工程師,聯訊網路有限公司,台中市西區,"月薪50,000元以上",//www.104.com.tw/job/7iy9s?jobsource=jolist_c_relevance,"1、參與系統的詳細功能設計,撰寫相關技術文檔
2、編寫軟體代碼、完成單元測試、協助測試
3、開發完成的程式完整滿足需求
4、負責解決開發過程中的技術問題
5、系統開發測試、部署和集成
6、完成部門交給的其他任務
7、對自我有要求，不任意擺爛，有良好的操守品行
8、上班時間彈性，工資可談
**初階、對後端有興趣者也歡迎投遞**
**公司也有提供前端職缺**
薪資級距：初階3萬8以上，中階5萬以上，依照能力技術調整，可談",專科、大學、碩士,不拘,Oracle,"1、java基礎知識功底
     熟悉Spring Boot、Mybatis等框架的實現原理和相關應用場景者佳。
     熟悉多線程和線程池的相關實現原理。
2、熟悉消息中間件框架和分散式緩存框架:rocketmq、kafka和redis。
3、熟悉ElasticSearch及ELK在大數據系統中的應用。
4、有資料庫使用經驗者佳,Oracle，MySQL的使用,熟練操作Unix/Linux操作系統。
5、熟悉java、 web端相關技能:JSP, html、css/div、ajax、js和相關Jqeury的框架, React框架優先。
7、有較強的溝通協調能力和團隊精神、承壓能力和學習能力、良好的服務意識。
8、初階可，有基本java功底、對後端工作有興趣者歡迎加入。"
網頁後端開發工程師(二),英屬維京群島商嘉碼科技有限公司台灣分公司,台中市西屯區,"月薪50,000~70,000元",//www.104.com.tw/job/6ls44?jobsource=jolist_c_relevance,"<職務說明>
1.後端管理系統開發維護
2.資料整合
3.資料表分析與設計

<所需條件>
*JavaScript/Node.js
*了解資料庫相關技術，如MS SQL, NoSQL, MySQL, Redis
*使用過雲端服務平台，如，Amazon AWS, Google GCP
*熟悉版本控制 (如: SVN , Git)。
*Web based 的系統開發
",專科、大學、碩士,不拘,Oracle,"1. 請寫自傳
2. 後端開發經驗3年以上.
3. 精通Web Based、JavaScript開發、資料庫應用程式或其他獨立接案之經驗
4. 要有責任心按時按質完成專案和團隊合作精神
5. 喜愛團隊合作，並願意分享知識
6. 強烈的求知慾及好奇心、凡事能夠追根究柢
7. 熱情協助隊友解決技術問題

[Nice to Have]
1. 喜愛享受生活，懂得如何玩
2. 工作與生活並重
3. 有想法又願意去實驗的精神
4. 擁有不怕被打槍的意志力
5. 有資料分析及視覺化技術(R, Tableau)
6. 有前端相關技術 (HTML, CSS, JavaScript, jQuery, Vue, Angular, Bootstrap)"
後端工程師 (Jr. Golang Backend Engineer),畢竟科技股份有限公司,台北市中山區,待遇面議,//www.104.com.tw/job/7ktu2?jobsource=jolist_c_relevance,"在BITGIN，後端是產品的靈魂角色，在打造產品個過程中，注入自己對區塊鏈產業、產品的洞見，不斷的與團隊激盪、嘗試任何可能，創造最有創意且友善的產品，為區塊鏈生態系增添新色彩！


【主要任務】
1. 開發及串接API (GraphQL, Restful API, GRPC)。
2. 協助實作並維護後端各項服務: RDBMS, REDIS, Message Queue(kafka, RabbitMQ...)。
3. 接觸部分 DevOps (k8s)相關技術，處理資安強化相關功能。
4. 與團隊共同設計規劃新功能架構。
5. 使用Golang語言。

【具備條件】
1. 擅長至少一種程式語言：Golang, Rust, C#, Python, Node。
2. Linux 操作經驗。
3. 任一整合公開 API 經驗。
4. 資訊相關專業知識、背景。
5. 基本版本控管概念 (Git)。
6. 喜歡新創公司靈活與快速試錯的工作模式。


在技術方面，我們希望你是一位熱愛學習新技術的人，儘管你現在可能尚未實做過Golang或其他需求技術，但我們相信透過原有語言的精熟及對技術的熱忱，也能快速的Pick up、創造自己的價值！",大學以上,數學及電算機科學學科類,Node.js,"【加分條件】
1. 對區塊鏈、加密貨幣領域有興趣/經驗。
2. 對於Golang以及其他後端常用語言或框架熟悉。
3. 熟悉Micro Service架構。
4. 對Linux作業系統熟悉和DevOps相關工具如 docker，kubernetes熟悉。
5. 擁有作品於github, 或其他開源項目。"
後端工程師,明根股份有限公司,彰化縣秀水鄉,"月薪45,000元以上",//www.104.com.tw/job/7n744?jobsource=jolist_c_relevance,"後端工程師(Backend Engineer) 

【工作內容】
1. 後端API開發、串接產品前端Web/App
2. 資料庫,關連式資料庫建置與維護
3. 有RESTful API開發經驗
【必要條件】
1. 後端語言，使用 Golang / PHP 語言開發與優化系統
2. 對於Golang / PHP其他後端常用語言或框架熟悉
3. 精通至少一種資料庫，例如：MySQL、PostgreSQL、MongoDB
4. 熟悉Git、GitHub版本控制系統操作",大學以上,資訊工程相關,PostgreSQL,"【加分條件】
1. 對區塊鏈、加密貨幣領域有興趣/經驗。
2. 對於Golang以及其他後端常用語言或框架熟悉。
3. 熟悉Micro Service架構。
4. 對Linux作業系統熟悉和DevOps相關工具如 docker，kubernetes熟悉。
5. 擁有作品於github, 或其他開源項目。"
資深-JAVA 後端軟體工程師,聯訊網路有限公司,台中市西區,"月薪90,000元以上",//www.104.com.tw/job/7g0uz?jobsource=jolist_c_relevance,"1、參與系統的詳細功能設計,撰寫相關技術文檔
2、編寫軟體代碼、完成單元測試、協助測試
3、開發完成的程式完整滿足需求
4、負責解決開發過程中的技術問題
5、系統開發測試、部署和集成
6、完成部門交給的其他任務
7、對自我有要求，不任意擺爛，有良好的操守品行
8、上班時間彈性，工資可談
**初階、對後端有興趣者也歡迎投遞**
**公司也有提供前端職缺**",大學以上,資訊工程相關,Oracle,"1、java基礎知識功底
     熟悉Spring Boot、Mybatis等框架的實現原理和相關應用場景者佳。
     熟悉多線程和線程池的相關實現原理。
2、熟悉消息中間件框架和分散式緩存框架:rocketmq、kafka和redis。
3、熟悉ElasticSearch及ELK在大數據系統中的應用。
4、有資料庫使用經驗者佳,Oracle，MySQL的使用,熟練操作Unix/Linux操作系統。
5、熟悉java、 web端相關技能:JSP, html、css/div、ajax、js和相關Jqeury的框架, React框架優先。
7、有較強的溝通協調能力和團隊精神、承壓能力和學習能力、良好的服務意識。
8、初階可，有基本java功底、對後端工作有興趣者歡迎加入。"
【Java 後端軟體工程師】Java Backend Engineer,智鈦星平台服務有限公司,台北市信義區,待遇面議,//www.104.com.tw/job/7mmpt?jobsource=jolist_c_relevance,"***負責Java後端開發、更新維護及優化***

1. 依照內部需求參與開發專案，並與團隊共同達成開發時程及目標。

2. 協同系統平台之架構設計、編程並撰寫相關技術文檔。

3. 與相關單位合作對接，並對現有伺服器架構進行優化。

4. 維護現有系統，發現及解決過程中遇到之技術問題。
",專科、大學、碩士,不拘,Spring,"期望技術：

1) 具3年以上 Java 後端程式開發經驗。
2) 熟悉JVM、WEB開發及分布式事務處理、分布式文件及緩存等技術原理。
3) 對主流開源框架有使用經驗，如Spring、SpringMVC、SpringBoot、Dubbo、Kafka、zookeeper..等
4) 對開源構架有一定研究者優先。
"
好好證券-後端工程師 Backend Engineer (熟 Python、RESTful API ),好好證券股份有限公司,台北市中正區,待遇面議,//www.104.com.tw/job/5572i?jobsource=jolist_a_relevance,"1.具獨立以Python開發Web後端的經驗， 熟物件導向開發並熟悉Flask Framework。
2.擁有資料庫Schema獨立設計能力(但我們還是會有資深技術主管協助你的)。
3.懂RESTful API開發設計、架構開發、串接、測試及維護知識。
4.熟悉並有使用關聯式資料庫(MySQL)的經驗。
5.熟悉Git版本管理及Gitflow，對於CI/CD有概念。

【好好嚴選】
好好證券，專注解決基金投資交易痛點。於2021年6月1日，是台灣有史以來，首例透過「金融科技創新實驗條例」經金管會核准，成功由科技公司改制為證券經紀商的公司，更是一家原自金融科技的網路券商，我們正為台灣的金融寫歷史... [相關報導] https://bit.ly/3rVjj1C

與一般金融業不同的是，好好團隊流著Internet的DNA，我們正在找人，但尋志同道合，寧缺也不願濫選！不只找員工，更覓共同打拼的事業夥伴。
您應該看得出，我們不同一般公司更認真仔細地徵才，注重每個環節，這是我們做好一件小事的標準，我們是站在世界金融科技風口的團隊，也是「79%」一定會成功的金融科技證券商！這剩下「21%」的不確定，等待優秀且舉足輕重的您來為我們補足，如您只是帶著打工的心態，請不要來！如希望找到環境好，福利佳，能力快速成長的公司，歡迎您來試試看。

【好好徵才】 (以下4項前提，任一未具備者勿投履歷)
1.對有金融科技有興趣與熱情，想參與最夯的金融科技專案。(您現在不需很懂金融，但要有興趣) 。
2.注重細節及使用流程，能從使用者角度思考。
3.具主動、獨立作業與思考能力、執行能力強、勇於跳出框架思考的能力。
4.能有良好溝通表達能力、擇善不固執及團隊精神。

【好好選擇】
1.我們重視使用者為重及工作氣氛，在這講求快速迭代，讓團隊互助合作有成就感！鼓勵主動提案改善，不墨守成規，打造敏捷開發、活力無限、樂於工作的新思維團隊。
2.我們重視技術人才的培育與職涯發展，提供內部技術交流學習、外部訓練課程(公司出資)，透過不同階段工作安排與規劃，工作輪調機制，培育各領域儲備人才，讓每位員工擁有個人發展舞台與空間。
3.我們重視員工生活，公司提供內外部各項參與社團活動、旅遊補助、電影欣賞等，讓您在工作之餘，可以安排個人休閒娛樂，享受工作，樂於生活。
4.內部環境自由，可自由參與其它大數據、AI、投資理財等學習，不斷增加能力。

【好好薪資】
除工資薪水外，另有定期績效獎金、年終獎金。
我們鼓勵 Life-Work Balance！
但，若你真有工作沒做完，想熱血加班，我們設有清楚的加班費制度(按照勞基法)。
我們願意提供高於一般行情的薪酬，給具價值的您，確切薪資於面試時，將依實際能力/作品/經驗進行為最終核定，工作年資對我們不是非常重要。

【上班地點】金融科技創新園區 (台北市中正區南海路1號13樓)
〈中正紀念堂1號出口，出站1分鐘內就到辦公室〉",專科、大學、碩士,不拘,CSS,"【其它條件】
1.參與Web開發或獨立開發2年以上經驗
2.具有撰寫測試的經驗，並使用過一些測試設計方法(如：TDD、BDD)。
3.有持續部署或整合工具的經驗(如：Jenkins)。
4.具有參與Agile、Scrum團隊的經驗尤佳。
5.有使用過Redis等快取服務的經驗。

【加分條件】
1.具搜尋引擎及相關技術實務經驗。
2.不含學習時間有超過1年以上後端開發經驗佳。
3.懂雲端暨大數據資料分析相關應用。

◆歡迎碩博士在校學生Apply，我們彈性的工時可以讓您兼顧學業與工作。
(有相關開發經驗者優先錄取)〈面試時需能Demo作品-金融相關尤佳〉"
後端工程師,筌鴻科技股份有限公司,台北市內湖區,待遇面議,//www.104.com.tw/job/7k27h?jobsource=jolist_a_relevance,"【工作內容】
- 開發與維護後台管理系統
- 至少熟悉一種後端程式語言 (.Net、PHP 等)
- 了解網路相關協議TCP, HTTP/HTTPS
- 熟悉SQL語法，有MySQL、MariaDB、Mongodb等資料庫應用經驗
- 良好的溝通和團隊合作
(合適者會通知二次面試，不合適者恕不另行通知，非常謝謝應徵筌鴻職缺)",專科以上,不拘,CSS,"【其它條件】
1.參與Web開發或獨立開發2年以上經驗
2.具有撰寫測試的經驗，並使用過一些測試設計方法(如：TDD、BDD)。
3.有持續部署或整合工具的經驗(如：Jenkins)。
4.具有參與Agile、Scrum團隊的經驗尤佳。
5.有使用過Redis等快取服務的經驗。

【加分條件】
1.具搜尋引擎及相關技術實務經驗。
2.不含學習時間有超過1年以上後端開發經驗佳。
3.懂雲端暨大數據資料分析相關應用。

◆歡迎碩博士在校學生Apply，我們彈性的工時可以讓您兼顧學業與工作。
(有相關開發經驗者優先錄取)〈面試時需能Demo作品-金融相關尤佳〉"
後端工程師 (Jr. Golang Backend Engineer),畢竟科技股份有限公司,台北市中山區,待遇面議,//www.104.com.tw/job/7ktu2?jobsource=jolist_a_relevance,"在BITGIN，後端是產品的靈魂角色，在打造產品個過程中，注入自己對區塊鏈產業、產品的洞見，不斷的與團隊激盪、嘗試任何可能，創造最有創意且友善的產品，為區塊鏈生態系增添新色彩！


【主要任務】
1. 開發及串接API (GraphQL, Restful API, GRPC)。
2. 協助實作並維護後端各項服務: RDBMS, REDIS, Message Queue(kafka, RabbitMQ...)。
3. 接觸部分 DevOps (k8s)相關技術，處理資安強化相關功能。
4. 與團隊共同設計規劃新功能架構。
5. 使用Golang語言。

【具備條件】
1. 擅長至少一種程式語言：Golang, Rust, C#, Python, Node。
2. Linux 操作經驗。
3. 任一整合公開 API 經驗。
4. 資訊相關專業知識、背景。
5. 基本版本控管概念 (Git)。
6. 喜歡新創公司靈活與快速試錯的工作模式。


在技術方面，我們希望你是一位熱愛學習新技術的人，儘管你現在可能尚未實做過Golang或其他需求技術，但我們相信透過原有語言的精熟及對技術的熱忱，也能快速的Pick up、創造自己的價值！",大學以上,數學及電算機科學學科類,Node.js,"【加分條件】
1. 對區塊鏈、加密貨幣領域有興趣/經驗。
2. 對於Golang以及其他後端常用語言或框架熟悉。
3. 熟悉Micro Service架構。
4. 對Linux作業系統熟悉和DevOps相關工具如 docker，kubernetes熟悉。
5. 擁有作品於github, 或其他開源項目。"
後端測試工程師,格拉墨科技有限公司,台北市松山區,"月薪45,000~100,000元",//www.104.com.tw/job/7crgn?jobsource=jolist_a_relevance,"1. 參與團隊開發流程，依照需求設計與建立維護測試計劃 (Test Plan) 與測試案例 (Test Case)
2. 執行 APP 與 Web 手動測試，包含功能性、易用性、效能、邊際測試等
3. 測試問題分析與追蹤 (Issue Tracking)，使用項目管理軟體 (Redmine/Testlink) 記錄與問題修復後的驗證
4. 整合測試結果，並提出軟體品質改善建議
5. 分析與重現線上客戶端的問題，並建立相關案例以擴充測試覆蓋度

基本資格 Job Qualifications
* 具備軟體開發或軟體測試工作經驗
* 善於使用文字、截錄、或圖表，簡單清晰地紀錄問題或流程
* 具備獨立作業能力與良好自我成長動力
* 良好的跨團隊溝通能力及團隊合作意識

加分技能 Additional Skills
* 具基本程式語言能力 或 RESTful API 測試能力
* 具基本資料庫操作能力
* 熟悉一種以上前後端自動化測試框架或工具 (Robot Framework、Appium、JMeter、Postman、Fiddler...etc.)
* 具備自動化測試或程式撰寫經驗者佳
* 熟悉軟體開發週期與軟體測試方法",專科以上,不拘,Node.js,"【加分條件】
1. 對區塊鏈、加密貨幣領域有興趣/經驗。
2. 對於Golang以及其他後端常用語言或框架熟悉。
3. 熟悉Micro Service架構。
4. 對Linux作業系統熟悉和DevOps相關工具如 docker，kubernetes熟悉。
5. 擁有作品於github, 或其他開源項目。"
後端工程師_Backend Engineer,英屬開曼群島商慧康生活科技股份有限公司台灣分公司,台北市內湖區,"年薪1,000,000~1,800,000元",//www.104.com.tw/job/6sfcs?jobsource=jolist_a_relevance,"[About Us]:
慧康生活科技 Health2Sync 成立於 2013 年，旗下擁有「智抗糖 App」與「雲端智慧照護平台」兩大產品。Health2Sync 智抗糖為亞洲最大慢性病管理平台，提供個人化並可複製的慢性病管理方案，建立新一代的數位療法。

我們的服務結合簡易操作的數位工具與個人化及自動化的即時分析，串連慢性病友的關懷照護網路與生活數據，協助糖友透過 App 自我管理血糖，並讓家人與醫療單位透過「雲端照護平台」更即時瞭解狀況並提供關懷。

全球累計有超過 79 萬名使用者，此外，Health2Sync 亦積極串起糖尿病照護生態圈，連結藥廠與病患，讓藥廠提供個人化的衛教及介入 (engagement)，進而提升用藥的依從度，讓病患能有較好控制效果。

[About Our Team]:
Web團隊主要負責雲端相關服務，範圍包含前端、後端以及維運這三個部分。在產品需求與功能部分，我們除了專注在系統服務上的設計和開發，我們也需要跟其他團隊像是App、設計、專案等團隊有著更透明的溝通與討論，以利我們能夠開發出更穩定、更有效率的產品，也能因應產品需求有著更有彈性更有效率的調整。

想要尋找認同我們的產品且對健康醫療領域擁有熱忱的夥伴，能抱持著開放的心態去面對一切挑戰，歡迎熟悉後端系統相關的設計與開發、對於交付的任務負責、追求持續進步與學習並且追求透明化溝通的你/妳，讓我們共同能將產品做得更穩定且能夠幫助更多人管理自身健康！

[Job Description]:
1.開發、維護並優化後端功能與伺服器架構
2.和App團隊以及前端團隊一起設計服務框架
3.持續學習新知，勇於嘗試，增進工作流程與效率

1.Work with other teams to improve backend feature and server structure
2.Design and improve the current service structure with frontend and App teams
3.Willingness to learn and try new things to enhance overall working process and efficiency

[Basic Qualifications]:
-實際操作 Python 開發的經驗
-具備使用 Django，Flask 等類似 Web 框架的經驗
-具備使用 AWS、GCP 等雲端服務的經驗
-具備不同資料庫的經驗，如 Relational DB（PostgreSQL，MySQL）或 NoSQL（MongoDB）
-熟悉 Docker 
-熟悉 API 開發
-優秀的邏輯思考能力和 OOP 技能
-能與他人團隊合作、具備良好的分析及解決問題能力，能夠發現並排除問題
-熟悉 Git 版本控制工具

-5+ years of relevant work experience
-Hands on experience working with Python development
-Experience working with web framework like Django, Flask, etc
-Experience working with cloud services like AWS, GCP, etc
-Experience with different databases, Relational DB (PostgreSQL, MySQL) or NoSQL (MongoDB)
-Familiar with container (docker)
-Extensive REST API development experience
-Excellent logic concept and OOP skill, a team player with strong analytical, problem solving, debugging, and troubleshooting skills
-Experienced in version control tool: Git

",專科以上,不拘,AWS,"[Preferred Qialifications]:
-善於分享自身經驗與增進團隊工程師文化
-享受在新創公司與開放的環境中工作
-喜愛coding，喜歡學習新事物
-良好的幽默感和喜歡有趣的事物

-Willingness to share your own experiences and to help the engineering team grow.
-Enjoy working in a start-up and open environment.
-Love coding and like to learn new things.
-Have a good sense of humour and like fun."
Backend Engineer後端工程師,艾普特媒體有限公司,台北市中山區,待遇面議,//www.104.com.tw/job/5bwie?jobsource=jolist_a_relevance,"職務內容：

1) 後端功能、 API 開發與維護、效能優化
2) 後端系統分析、設計以及程式撰寫
3) 後端相關知識技術之研究與應用
4) 與團隊成員協同合作，最佳化資料傳遞與資料處理

基本條件 :

1) 使用 Laravel + MySQL, MongoDB, Redis 規劃開發 Web 相關應用程式
2) GIT 版本控制基本認知
3) RESTful API 開發基本認知
4) Job/Queue 排程管理基本認知
5) Docker 容器技術基本認知
6) Unix-like 操作指令基本認知

加分條件 :

1) 熟悉數位廣告相關模式開發
2) 熟悉第三方金/物流串接開發
",大學,不拘,JavaScript,"【公司福利】 
* 年終獎金 
* 端午節、中秋節禮盒
* 週休二日 
* 享勞健保 
* 按月提撥6%勞工退休金 
* 辦公室提供飲料及點心供同仁享用 "
Java後端/資深後端工程師 Java Sr.Backend Programmer,Shoalter Technology Ltd. (Member of HKTV Grp.) _英屬維京群島商易貿創投有限公司台灣分公司,台北市松山區,待遇面議,//www.104.com.tw/job/7axnf?jobsource=jolist_a_relevance,"【公司與集團】
Shoalter Technology Limited ／易貿創投有限公司台灣分公司是香港上市公司HKTV (HKSE 1137)的全資子公司，主要為世界各地客戶提供電商軟體雲服務。HKTV的另一全資子公司HKTVmall是香港電商領導者，2020財政年度銷售金額240億台幣。

建基於香港的成功商業模式及經驗，我們2020在台北設立了軟體研發中心，開發和完善的電子商務應用平台提供給客戶。你將會參與不同產品的軟體與服務之分析、設計、開發及測試。我們將員工視為「內部的貴賓」且能在跨部門的溝通中培養釐清問題以及解決問題能力，並且營造部門內相互學習的風氣，與更精進自我的學習態度，期望能與員工共同成長以達成永續經營的發展模式。

【若是您有1-2年以上Java開發經驗，請看這裡↓】
• 負責後端服務的開發、設計、與維護
• 負責後端 API 的軟體設計、程式撰寫、測試修改，實現產品應用
• 協助進行平台界接及整合，編寫有關程序開發和後續的修訂，以便其他人可以理解該程序
• 與前端設計師合作，評估、規劃並實作操作直覺流暢系統
• 協助優化系統性能與除錯
• 協助研發軟體新技術與新工具
• 跨國團隊合作，提供專業的技術建議

【如果您有5年以上資深的Java開發經驗，那太好了，我正在找你，請看這裡↓】
• 協助團隊進行系統的設計、開發、與維護
• 配合業務需求進行專案管理，追蹤產品功能修改進度
• 協助研發軟體新技術與新工具
• 跨國團隊合作，提供專業的技術建議",大學,不拘,JavaScript,"1-2年經驗的夥伴，請注意，以下為我們加分項目：
• 具備雲端kubernetes相關程式部屬經驗(Azure or GCP)
• 具備 Docker, Redis, RabbitMQ, Search Engine(algolia or elasticsearch)使用經驗
• 具備電商平台建置, 金流串接經驗(Paypal尤佳)
• 面談時可攜帶作品集，證明自己以往的經歷
• 具備雲端Kubernetes相關程式部署經驗(Azure, GCP)
• 具備Docker, Redis, RabbitMQ, Search Engine使用經驗
• 面談時可攜帶作品集，證明自己以往的經歷

5年以上資深的夥伴，加分項目當然會比較嚴格啦：
• 在電腦或相關理工科專業大學或以上的畢業生
• 架構及模組分析設計經驗，擅長 Java(Spring boot)
• 使用開發工具IntelliJ, VSCode, STS
• 團隊合作的精神，與同伴解決問題，共同迎接新的科技挑戰"
Backend Engineer / 後端工程師,塔圖科技股份有限公司,台北市大安區,"月薪50,000~80,000元",//www.104.com.tw/job/7hf9h?jobsource=jolist_a_relevance,"### 工作內容
在 塔圖，Backend Team 的任務是讓各個系統可以正確無誤運作，後端工程師的目標是將系統架構持續變得更好，包含持續開發新功能、調教最流暢的效能、追求高品質穩定的程式碼等，你必需擁有極大的熱情，因為我們相信一個好的系統架構及資料流的運作，是由背後各部門的專業操作及每一位工程師的努力而達成的，每一個環節與溝通都是 Tagtoo 非常看重的事！

### 需要請你負責的工作內容
- 維護管理後台系統
- 根據公司政策開發新需求、設計新架構
- 撰寫測試與設定自動化佈署流程
- 協助業務和優化師整合數據

### 希望你擁有的特質
1. 對持續精進自己的技術能力充滿熱情
2. 非常細心，注重每個小細節，期待每次 commit code 後都能完成需求
3. 喜歡團隊合作，能主動與其他部門同事討論溝通問題，並不怕提出不同看法，共同尋求最合適的解決方式
4. 主動積極，能獨自完成給予的專案，有效分配自己的工作時間
5. 具備商業敏感度，能了解數位廣告後台的狀況，並利用 RD 的專業，給予更好解決方案
6. 良好的英文閱讀能力，因為平常會看到的文件很多都只有英文的

----------------------------------------------------
塔圖是經營10多年的老新創，有新創的熱情，也有大企業的穩定，請您快來聊聊看~

欲應徵者，請將自我介紹與履歷寄給 hr@tagtoo.com，

主旨開頭請加上 『 應徵 技術支援工程師 – (你的名字)』，

或請透過徵才平台附上下述資料，好讓我們更了解你的專業能力並評估是否安排面試：

1. 你的個人作品 (GitHub、網站 link 或其他作品介紹資料)

2. 分享一個你曾經解決過的技術問題，它的技術面挑戰在哪？

3. 分享你覺得優秀的軟體工程師，會怎麼幫助企業穩定經營、永續發展？

謝謝你用心準備並遞交履歷。我們會通知合適者進行面試， 若不符合資格就不另行通知了~ 謝謝！",大學,不拘,Django,"### 應徵條件
- 有使用 Python / Django 開發網站的經驗
- 熟悉 Docker（熟悉 K8S 更好）

- 能夠在 Unix-like 環境開發
- 瞭解 Git 開發流程，會 GitHub 操作
- 熟悉 Google Cloud Platform (GAE, GCE, GKE, BigQuery...)

- 良好的溝通與團隊合作能力

### 加分條件
- 熟悉 FastAPI 框架
- 熟悉 Terraform
- 瞭解基本 HTML, CSS, JavaScript

- 瞭解 SQL, NoSQL Database 基本觀念
- 有使用過 CI 的經驗
- 有撰寫過單元測試的經驗
- 熟悉 Travis CI / Google Cloud Build
- 熟悉任一 Python testing framework (py.test, unittest, nose)
- 熟悉 MySQL/MariaDB/PostgreSQL
- GitHub 重度使用者（請提供 GitHub 帳號）
- 熱愛參與 Open Source 相關活動（Conf, Meetup, Hackathon, …)
- 能主動學習並且不排斥新技術
- 使用過 Google Analytics、Google Tag Manager
- 熟悉 Chrome Dev Tools
- 撰寫過網路爬蟲
- 瞭解 FB pixel、Google Ads Tag
- 對 web 使用者行為搜集有經驗"
後端工程師(Back-end Engineer),完美數位科技有限公司,台北市內湖區,"月薪50,000~70,000元",//www.104.com.tw/job/704c9?jobsource=jolist_a_relevance,"工作職責：
1. 負責後端功能的技術開發以及性能優化工作；
2. 負責介面的開發維護和調試；
3. 根據需求，開發新產品的功能；
4. 編寫功能開發的相關技術文檔；
5. 參與重大專案結構設計、架構原型實現及核心模組的開發工作；


工作要求：
1. 資訊相關科系、大專以上學歷。2年以上PHP開發設計經驗；
2. 熟悉YII（或一種以上PHP framework）有紮實的PHP基礎並熟練獨立使用PHP+mySql開發；
3. 熟悉Javascript、jQuery使用；
4. 理解OOP、MVC 等design pattern；
5. 熟悉 Git / SVN 版本管理工具；
6. 具備良好溝通能力，重視團隊合作。",專科以上,不拘,PHP,"加分：有使用經驗者佳
1. docker & docker-composer
2. ELK( Elasticsearch,Logstash,Kibana)
3. 可接受加班者優先考慮"
後端工程師 (電動車充電平台Back End),裕電能源股份有限公司,新北市新店區,待遇面議,//www.104.com.tw/job/6ayfa?jobsource=jolist_a_relevance,"工作職掌：
電動車系統後端程式開發、維護

職位需求：
1. 具有良好的團隊合作意識，樂於吸收新知與他人分享的心
2. 熟習 JAVA 程式語言
3. RESTful APIs 設計及實作經驗
4. 熟悉 Relational database(e.g. MSSQL)
5. 熟悉 Git 版本控制與開發流程

裕電近期新聞報導：
https://www.chinatimes.com/newspapers/20201213000313-260204?chdtv
https://www.bnext.com.tw/article/58495/yes-energy-charging-solution
https://ctee.com.tw/industrynews/consumption/405695.html
https://www.chinatimes.com/newspapers/20210110000293-260204?chdtv
https://autos.udn.com/autos/story/7825/3976064",專科、大學、碩士,不拘,MS SQL,"	熟 Java 程式設計、JQuery 等軟體開發經驗
	具網頁及伺服器後端資料庫經驗尤佳
	熟悉 SQL 語法
	熟悉 Linux 作業系統尤佳
	有 Java 程式設計相關證照者尤佳"
Backend Engineer 後端工程師,悠勢科技股份有限公司,台北市中山區,"月薪40,000~75,000元",//www.104.com.tw/job/7dva2?jobsource=jolist_a_relevance,"【工作內容】

- 熟悉任一套Backend framework，Laravel 佳
- 具 Restful API 設計與串接經驗
- 熟悉 任一套 CSS Framework (如：Bootstrap)
- 了解如何使用資料庫及基本效能調校 (MySQL、PostgreSQL)
- 具 Git 版本控制經驗
- 具良好溝通能力及團隊合作能力
- 具基本雲端系統管理調校經驗 (GCP、AWS)


【條件要求】

- 2年以上後端開發經驗


【其他公司福利】

- 在不影響工作進度的狀態，可以自由安排休假
- 零食許願池：每月自行許願，各種零食與咖啡暢飲
- 不定期的HappyHour：看電影聚餐等出遊玩樂，work hard play hard

",不拘,不拘,CSS,"	熟 Java 程式設計、JQuery 等軟體開發經驗
	具網頁及伺服器後端資料庫經驗尤佳
	熟悉 SQL 語法
	熟悉 Linux 作業系統尤佳
	有 Java 程式設計相關證照者尤佳"
Junior Backend Developer 後端程式設計師(Golang),台灣資信股份有限公司,台北市信義區,"月薪60,000~80,000元",//www.104.com.tw/job/653o3?jobsource=jolist_a_relevance,"◆ 設計和開發商業邏輯 API 與前端（web/iOS/Android） 互動。
◆ 維護現有的後端功能包括但不限於：即時通訊、SMS、email、MQTT、cloud storage (AWS/阿里雲)、Mobile Push、外部系統整合、任務分派系統、計價、資料分析和搜尋引擎。
◆ 研究相關領域新知，保持知識分享團隊文化。
◆ 以 project team (scrum) 形式與前端開發人員，UI/X 設計，QA 以及 PM/PO 協作。系統維護方面與 OP/IT/CICD/SRE 等團隊共同促進系統穩定度。

First month Expectation
- 了解團隊運作現狀，團隊目標，摸索目前產品功能。
- 搭建自己的工作環境，熟悉當前的部屬環境與 git policy。
- 學會 golang，(如果原本不會的話)。
- 藉由 code review，了解團隊的 coding pattern 和設計原則。
- 在 mentor 的協助下，完成交付的工作。
- 與主管確認試用期(前三個月)通過標準。

First three months Expectation
- 進入 Feature 專案開發團隊，在 senior member 的帶領下交付專案。整個專案過程會參與需求確認、討論、系統分析、實作開發、測試、部屬。
- 藉由開發過程了解團隊運作，team code pattern，縮短 code review gating period。
- 與主管定期 1-1 確認狀況，確保熟悉團隊方向，滿足試用期通過標準。

First six months Expectation
- 從專案開發經驗能慢慢接手做部分component owner，或是成為 component backup。
- 能處理負責範圍內 e2e 的 issue，能協調PM和前端同事共同解決問題。
- 持續參與團隊流程和活動回饋，促使團隊持續進步。
- 與 Team Lead 討論下一階段的職涯規劃。",不拘,不拘,Go,"能力需求
◆ 熟悉至少一種主流後端程式語言 (C++, python, php, java, golang, ruby)
◆ 熟悉至少一種 SQL, NoSQL 資料庫操作與 schema design
◆ 基本版本控管概念 (Git)

加分能力
◆ 熟悉 Golang 
◆ 了解 Linux 底層，網路/資安理論， Docker 及 Kubernetes 相關技術
◆ 具有專案協作概念、經歷
◆ 熟悉單元測試和 TDD 等概念"
Senior Backend Engineer 資深後端工程師 ( PHP | E-Commerce ),AREA02_台灣娜克阜股份有限公司,台北市大安區,"年薪1,000,000~1,300,000元",//www.104.com.tw/job/7c9g6?jobsource=jolist_a_relevance,"工作內容

1. 與工程團隊合作迭代產品
2. 負責公司產品的技術開發與運營維護工作，保障產品整體效能與服務可用度
3. 提高服務可用性, 性能、效率和擴展架構
4. 持續學習新技術, 與團隊一起迭代 Tech stack
5. 參與成長中的團隊, 協助工程文化推進

怎麼樣的你/妳適合來

1. 三年以上 PHP 後端開發經驗
2. 電子商務系統開發與維護經驗
3. 熟悉 Laravel 框架
4. 熟悉 GraphQL 或 RESTful API 的開發
5. 熟悉任一 RDBS 資料庫操作和維運 (PostgreSQL, MySQL, MariaDB …)
6. 具備整合第三方服務經驗(e.g. 支付, 金流, 物流)
7. Unit Test 經驗",不拘,不拘,Node.js,"以下加分條件不是必備，但如果你/妳具備，我們可以聊得更多

1. 熟悉任一其他後端開發語言 e.g. Node.js, Java, C#, Python
2. 團隊曾經使用過 Scrum 或 Kanban
3. 具有雲端服務使用經驗( e.g. GCP, AWS, Azure )


其他福利
1. 到職滿三個月後, 可享有一個月六天在家工作
2. 配備 MacBook Pro M1 電腦, 以及 32 吋螢幕
"
後端工程師,龎帝數位資訊有限公司,新北市新店區,"月薪50,000~130,000元",//www.104.com.tw/job/5psg4?jobsource=jolist_a_relevance,"工作內容
1. 負責龎帝各平台產品後端設計、開發、維護和專案管理工作
2. 負責軟體開發規劃，包含軟體系統架構分析、資料庫設計、API 開發及文件撰寫
3. 與使用者、教學設計專家、教師、產品設計師、前端工程師等一起探討、設計並實現新世代語言教學產品應該具備的各項功能
4. 透過數據及各種可及的回饋，快速迭代調整改善產品運作及維護端的效率及品質
5. 與各國團隊協調溝通，共同達成任務",不拘,不拘,MySQL,"必備
- 熟悉 Python、Django
- 熟悉 Linux 指令與操作
- 熟悉資料庫架構規劃與 ORM 開發
- 熟悉 SQL 資料庫 (MySQL, MariaDB 或 PostgreSQL)
- 具備良好 RESTful API 實務經驗
- 熟悉 Git 與 Git flow
- 具備高度責任感、主動積極、可承受多任務並行的工作壓力

加分 (請附連結或證明)
- 具備機器學習、深度學習、人工智慧相關實務經驗
- 雲端平台使用經驗如佈署、效能調校等 (AWS/Azure/GCP)
- 具備自然語言處理實務經驗 (請附連結或證明)
- 具備自動化單元測試、壓力測試等實務經驗
- 具備 Docker 實務經驗
- 效能調校經驗
- 具備 CI/CD 自動化整合佈署實務經驗
- 具備 SEO 實務經驗
- 具備 no-sql database 實務經驗
- 具備敏捷開發方法實務經驗
- 俱備任何前端相關框架開發經驗
- 相關專案/社群參與開發的經驗及成果
- 其他有助於團隊共同開發之能力 (例如溝通能力、自主學習能力、指導後學以及帶領團隊的經驗)"
後端工程師,智庫驅動股份有限公司,台北市信義區,"月薪35,000~70,000元",//www.104.com.tw/job/7ez66?jobsource=jolist_a_relevance,"一、核心能力

1. 能介接多種資料來源，並整合資料團隊的程式碼。
2. 能制定設計架構解決業務需求。
3. 能獨立作業，在專案要求時程內快速搜尋、大量閱讀並吸收相關資訊與文件、思考解決方法。
4. 有細心、耐心處理系統運作時出現的異常狀況。
5. 理解本身能力極限，懂得在適當時機向同事與上司請求協助。
6. 善於溝通，能精準掌握系統需求，並清晰表達意見。

二、工作內容

1. 資料流串接
2. 整合資料管線
3. 資料模型串接與整合
4. 設計、測試 API，以及撰寫 API 文件
5. 部署、維護資料應用 API 服務
6. 與前端/ APP 設計師合作，評估、規劃並實作操作直覺流暢系統
7. 協助進行平台界接及整合",不拘,不拘,ssh,"一、申請資格

1. 一年以上後端開發部署經驗
2. 熟悉開發語言為 Python 
3. 熟悉 Django / Flask / Fast API Framework
4. 熟悉 PostgreSQL
5. 熟悉 Nginx
6. 熟悉 crontab 設定
7. 熟悉 container 技術

二、加分條件

1. 資工系、電機系畢業
2. 熱愛程式開發
3. 熟悉 Linux 使用
4. 熟悉 CI / CD
5. 能獨立設計架構解決業務需求"
[德商] 後端資料工程師 Junior Back-End Developer (all genders),歐德特有限公司,台北市中山區,"月薪40,000~65,000元",//www.104.com.tw/job/6bokd?jobsource=jolist_a_relevance,"oddity Asia, as part of the oddity group with over 300 digital specialists, is a full service e-commerce provider and combines the know-how of the European market with local Asian expertise and is one of the few international certified Tmall partners (TP).

For our Taipei office, we are searching for a Back-End Developer to work with us.

oddity Asia是屬oddity集團的一部分，我們在全球擁有超過300名的員工。oddity Asia是一家提供全方位服務的電子商務提供商，將歐洲市場的專業知識與亞洲本地專家相結合，是為數不多的國際認證天貓合作夥伴(TP)之一 。
我們目前正在尋找後端資料工程師，歡迎你加入我們的團隊！


工作內容:
- 建立、維護與優化 ETL Process
- 管理、優化、維護與測試在 AWS 與 Alicloud 的應用程式
- 內部工具開發


具備能力與經驗:
- 1年以上後端技術工作經驗
- 精通 python，熟悉 node.js 尤佳
- 精通 DBMS(MySQL、NoSql)，並具有處理大量數據的能力
- 有 ETL processing 經驗
- 熟悉 git 和 Docker
- 不畏懼英文口說

",專科、大學、碩士,不拘,Node.js,"一、申請資格

1. 一年以上後端開發部署經驗
2. 熟悉開發語言為 Python 
3. 熟悉 Django / Flask / Fast API Framework
4. 熟悉 PostgreSQL
5. 熟悉 Nginx
6. 熟悉 crontab 設定
7. 熟悉 container 技術

二、加分條件

1. 資工系、電機系畢業
2. 熱愛程式開發
3. 熟悉 Linux 使用
4. 熟悉 CI / CD
5. 能獨立設計架構解決業務需求"
後端工程師,台灣盈米科技股份有限公司,台北市信義區,"月薪38,000~45,000元",//www.104.com.tw/job/7bo61?jobsource=jolist_a_relevance,"1.負責各產品後端設計、開發、維護工作
2.使用PHP及相關PHP Framework(Yii、Slim 、Laravel)或Java、Java Framework開發經驗    
3.有平台間API 串接經驗者佳
4.熟悉 MySQL 資料庫。
5.一年以上後端服務開發或學校專題開發經驗。
6.其他主管交辦相關事項。


",專科、大學,資訊工程相關、其他數學及電算機科學相關、一般數學相關,CSS," 加分條件:
￭ 具備基本AWS或GCP、網路和伺服器知識者佳。

"
Node.js 後端工程師 Backend Engineer,網酷資訊有限公司,台中市西屯區,待遇面議,//www.104.com.tw/job/72pkj?jobsource=jolist_a_relevance,"1. 負責開發、維護後端NodeJS專案，熟TypeScript佳。
2. 熟悉MVC，使用過相關 Web Framework經驗者佳。
3. 使用SQL語法存取資料庫，熟MySQL及MongoDB者佳。
4. 開發Restful API，使用JWT驗證權限，有實作經驗者佳。
5. 熟悉 Git ＆ Git Flow。
6. 良好的分析與解決問題能力且獨立作業處理，具團隊合作精神和善於溝通問題。
7. 喜歡吸收新知及網頁後端相關知識技術之研究與應用。
8. 投遞請檢附作品集。",專科以上,不拘,Node.js,"1. Kubernetes、Traefik、ELK、Grafana相關經驗。
2. Docker容器化技術基本觀念與使用經驗。
3. 有任一雲端服務使用經驗（GCP尤佳）。
4. 擁有高併發及高可用的經驗。
5. 熟悉CI/CD流程。
6. 有參與Open soruce project的經驗。"
【Java 後端軟體工程師】Java Backend Engineer,智鈦星平台服務有限公司,台北市信義區,待遇面議,//www.104.com.tw/job/7mmpt?jobsource=jolist_a_relevance,"***負責Java後端開發、更新維護及優化***

1. 依照內部需求參與開發專案，並與團隊共同達成開發時程及目標。

2. 協同系統平台之架構設計、編程並撰寫相關技術文檔。

3. 與相關單位合作對接，並對現有伺服器架構進行優化。

4. 維護現有系統，發現及解決過程中遇到之技術問題。
",專科、大學、碩士,不拘,Spring,"期望技術：

1) 具3年以上 Java 後端程式開發經驗。
2) 熟悉JVM、WEB開發及分布式事務處理、分布式文件及緩存等技術原理。
3) 對主流開源框架有使用經驗，如Spring、SpringMVC、SpringBoot、Dubbo、Kafka、zookeeper..等
4) 對開源構架有一定研究者優先。
"
後端網頁工程師,展市華科技有限公司,桃園市龜山區,"月薪30,000~70,000元",//www.104.com.tw/job/71amu?jobsource=jolist_a_relevance,"1.網頁系統軟開發、測試及安裝 
2.網站上線後的維護與功能更新 
3.後端系統開發與介接 
4.資料庫串接
5. 熟悉雲端系統部署與串接
6. 熟悉Python, Flask, Nginx, MariaDB, PHP, Linux, Shell Script  etc.尤佳",大學、碩士,數學及電算機科學學科類、資訊管理相關、工業工程相關,Django,"期望技術：

1) 具3年以上 Java 後端程式開發經驗。
2) 熟悉JVM、WEB開發及分布式事務處理、分布式文件及緩存等技術原理。
3) 對主流開源框架有使用經驗，如Spring、SpringMVC、SpringBoot、Dubbo、Kafka、zookeeper..等
4) 對開源構架有一定研究者優先。
"
